evid,origin_time_mftm,Mw,M_rel,cc_max,template_origin_time,template_evid,origin_time_hypo,lat,lon,depth,rel_lat,rel_lon,rel_depth,lat_kma,lon_kma,depth_kma,M_kma
H0001,15:17.8,,0.39,0.465,57:51.0,H1198,,,,,,,,,,,
H0002,31:02.7,,0.53,0.5253,08:01.0,H0917,,,,,,,,,,,
H0003,31:27.9,1.09,,0.8682,34:27.0,H0784,31:27.6,34.663,126.396,20.37,-112.3,-5.9,43.5,,,,
H0004,13:18.9,1.32,,0.8621,40:50.0,H1218,13:18.6,34.6638,126.3986,20.68,-107.7,-9.9,32.6,,,,
H0005,19:11.5,,0.73,0.7754,34:27.0,H0784,,,,,,,,,,,
H0006,31:22.4,,0.5,0.5534,25:38.0,H0031,,,,,,,,,,,
H0007,07:07.7,,0.49,0.6379,08:01.0,H0917,,,,,,,,,,,
H0008,11:50.5,,0.38,0.5275,28:54.0,H0888,,,,,,,,,,,
H0009,13:35.4,,1.02,0.869,08:01.0,H0917,13:35.9,34.6593,126.3976,20.19,,,,,,,
H0010,14:11.8,,0.36,0.4932,34:27.0,H0784,,,,,,,,,,,
H0011,22:13.2,1.2,,0.875,25:38.0,H0031,22:13.5,34.6603,126.399,20.4,-78.3,-10.5,34.9,,,,
H0012,38:10.5,,0.67,0.6849,16:19.0,H0669,,,,,,,,,,,
H0013,43:41.9,,0.52,0.5599,32:27.0,H0437,,,,,,,,,,,
H0014,22:41.9,,0.49,0.6447,57:51.0,H1198,,,,,,,,,,,
H0015,23:21.5,,0.35,0.4898,34:01.0,H0021,,,,,,,,,,,
H0016,51:52.6,,1.06,0.8708,28:54.0,H0888,51:52.7,34.6633,126.3948,21.54,-88.9,-24.4,74.8,,,,
H0017,13:15.5,,0.53,0.513,17:39.0,H0042,,,,,,,,,,,
H0018,19:25.3,,0.63,0.6735,08:01.0,H0917,,,,,,,,,,,
H0019,24:10.4,,0.4,0.5054,17:39.0,H0042,,,,,,,,,,,
H0020,11:17.4,,0.59,0.6443,57:51.0,H1198,,,,,,,,,,,
H0021,34:01.0,1.5,,1,34:01.0,H0021,34:01.2,34.6621,126.3988,20.62,-49,8.9,9.9,34.66,126.4,20,1.8
H0022,35:26.1,,0.63,0.7356,34:01.0,H0021,,,,,,,,,,,
H0023,40:49.6,,0.95,0.8532,25:38.0,H0031,,,,,,,,,,,
H0024,41:25.6,,0.67,0.7516,25:38.0,H0031,,,,,,,,,,,
H0025,49:54.0,,0.56,0.5091,17:13.0,H0117,,,,,,,,,,,
H0026,28:04.4,,0.52,0.636,08:01.0,H0917,,,,,,,,,,,
H0027,33:41.8,,0.57,0.5848,47:57.0,H1047,,,,,,,,,,,
H0028,21:24.6,,0.45,0.58,14:15.0,H0066,,,,,,,,,,,
H0029,42:37.0,,0.74,0.7587,16:19.0,H0669,,,,,,,,,,,
H0030,02:28.6,,0.69,0.6936,40:50.0,H1218,,,,,,,,,,,
H0031,25:38.0,2.11,,1,25:38.0,H0031,25:38.2,34.6623,126.3981,20.93,-61.8,-5,37.9,34.66,126.4,21,1.6
H0032,48:30.6,,0.54,0.6838,05:56.0,H0703,,,,,,,,,,,
H0033,48:53.1,,0.32,0.4972,05:56.0,H0703,,,,,,,,,,,
H0034,56:32.7,,0.29,0.4998,24:20.0,H1126,,,,,,,,,,,
H0035,08:29.2,,0.36,0.6101,17:39.0,H0042,,,,,,,,,,,
H0036,14:56.6,,0.46,0.5984,40:50.0,H1218,,,,,,,,,,,
H0037,23:18.1,,0.43,0.4816,37:50.0,H0909,,,,,,,,,,,
H0038,31:33.7,,0.64,0.7691,34:27.0,H0784,,,,,,,,,,,
H0039,42:13.3,,0.34,0.5258,35:01.0,H0826,,,,,,,,,,,
H0040,46:34.2,,0.51,0.7035,22:25.0,H1280,,,,,,,,,,,
H0041,15:33.0,1,,0.8449,22:25.0,H1280,15:34.1,34.6623,126.3985,20.5,-62.7,-42.6,48.6,,,,
H0042,17:39.0,1.79,,1,17:39.0,H0042,17:38.8,34.6613,126.399,20.82,-72.5,-34.4,51.2,34.66,126.4,21,1.3
H0043,19:30.9,,0.31,0.574,14:15.0,H0066,,,,,,,,,,,
H0044,49:18.0,,0.46,0.6167,34:27.0,H0784,,,,,,,,,,,
H0045,09:52.3,,0.82,0.8101,37:17.0,H0106,09:52.6,34.6646,126.3973,20.24,,,,,,,
H0046,14:10.3,,0.47,0.6117,34:01.0,H0021,,,,,,,,,,,
H0047,15:21.8,,0.4,0.5109,15:57.0,H0160,,,,,,,,,,,
H0048,29:33.1,,0.33,0.4608,17:13.0,H0117,,,,,,,,,,,
H0049,40:08.5,,0.6,0.7331,52:02.0,H0111,,,,,,,,,,,
H0050,27:20.8,,0.5,0.4672,57:51.0,H1198,,,,,,,,,,,
H0051,36:54.0,,0.61,0.672,25:34.0,H0121,,,,,,,,,,,
H0052,36:40.4,,0.73,0.6717,08:01.0,H0917,,,,,,,,,,,
H0053,43:43.7,,0.77,0.7453,57:51.0,H1198,,,,,,,,,,,
H0054,55:32.6,0.95,,0.8296,05:56.0,H0703,55:32.5,34.6588,126.41,21.88,-23.7,3.9,3.5,,,,
H0055,56:21.8,,0.33,0.4746,54:51.0,H0862,,,,,,,,,,,
H0056,10:58.0,2.2,,1,10:58.0,H0056,10:58.3,34.6621,126.3996,20.81,-41.9,4.5,28.5,34.66,126.4,21,1.6
H0057,19:19.1,,0.56,0.6883,15:57.0,H0160,,,,,,,,,,,
H0058,28:54.2,,0.46,0.5222,32:57.0,H0131,,,,,,,,,,,
H0059,32:00.8,,0.67,0.7732,14:15.0,H0066,,,,,,,,,,,
H0060,41:37.5,1.18,,0.8537,15:57.0,H0160,41:37.0,34.6613,126.4028,20.65,-10,-1.7,52.1,,,,
H0061,50:06.5,,0.68,0.7419,14:15.0,H0066,,,,,,,,,,,
H0062,53:43.7,,0.55,0.6733,54:51.0,H0862,,,,,,,,,,,
H0063,01:37.1,,0.43,0.4962,57:03.0,H0508,,,,,,,,,,,
H0064,01:47.1,,0.5,0.5971,14:15.0,H0066,,,,,,,,,,,
H0065,00:36.3,0.95,,0.8427,05:56.0,H0703,00:36.5,34.665,126.3973,21.06,-10,8.6,10.5,,,,
H0066,14:15.0,1.43,,1,14:15.0,H0066,14:15.1,34.6606,126.3965,20.41,-16.3,10.5,6.3,34.66,126.4,19,1.3
H0067,44:33.0,,0.75,0.6374,54:51.0,H0862,,,,,,,,,,,
H0068,47:53.8,1.07,,0.8879,52:02.0,H0111,47:54.0,34.6613,126.4013,20.65,-5.9,-10.1,40.6,,,,
H0069,48:46.3,,0.45,0.6121,34:01.0,H0021,,,,,,,,,,,
H0070,07:16.9,,0.36,0.5264,14:15.0,H0066,,,,,,,,,,,
H0071,07:32.9,,0.35,0.574,34:01.0,H0021,,,,,,,,,,,
H0072,10:57.8,,0.25,0.4929,49:05.0,H0082,,,,,,,,,,,
H0073,41:40.6,,0.31,0.4696,14:15.0,H0066,,,,,,,,,,,
H0074,00:01.2,,0.41,0.603,50:26.0,H0134,,,,,,,,,,,
H0075,01:36.9,,0.45,0.6632,43:04.0,H0133,,,,,,,,,,,
H0076,03:08.6,0.99,,0.8858,34:01.0,H0021,03:08.9,34.6631,126.3993,20.37,-29.9,23.1,-14.5,,,,
H0077,40:07.6,,0.36,0.5262,06:52.0,H1101,,,,,,,,,,,
H0078,02:03.0,,0.47,0.5544,23:56.0,H0947,,,,,,,,,,,
H0079,34:27.7,,0.75,0.792,14:15.0,H0066,34:27.8,34.6581,126.3903,21.75,,,,,,,
H0080,35:23.5,,0.45,0.5951,34:01.0,H0021,,,,,,,,,,,
H0081,43:54.3,1.16,,0.8353,05:56.0,H0703,43:54.3,34.6631,126.3973,21.96,-49.6,11.6,2.4,,,,
H0082,49:05.0,1.74,,1,49:05.0,H0082,49:04.8,34.6606,126.399,20.72,-74.4,20,-26.9,34.66,126.4,20,1.2
H0083,51:16.6,,0.41,0.6008,32:27.0,H0437,,,,,,,,,,,
H0084,55:23.3,,0.47,0.6835,49:05.0,H0082,,,,,,,,,,,
H0085,55:40.8,1.11,,0.9171,49:05.0,H0082,55:40.6,34.6608,126.4008,20.84,-78.5,25.8,-41.5,,,,
H0086,57:23.8,,0.41,0.6489,49:05.0,H0082,,,,,,,,,,,
H0087,03:31.6,,0.88,0.8122,37:17.0,H0106,03:31.8,34.666,126.397,20.79,,,,,,,
H0088,25:03.9,,0.47,0.7411,49:05.0,H0082,,,,,,,,,,,
H0089,32:24.0,,0.43,0.716,49:05.0,H0082,,,,,,,,,,,
H0090,39:37.7,,0.7,0.7762,16:19.0,H0669,,,,,,,,,,,
H0091,40:35.5,,0.92,0.7819,34:01.0,H0021,40:36.1,34.6643,126.4016,17.66,,,,,,,
H0092,42:09.0,,0.66,0.8094,49:05.0,H0082,,,,,,,,,,,
H0093,02:44.1,,0.42,0.6499,05:42.0,H1144,,,,,,,,,,,
H0094,20:43.3,0.97,,0.8682,51:37.0,H0189,20:43.7,34.6636,126.4005,20.08,-30.4,-33.5,62.5,,,,
H0095,30:23.8,,0.41,0.4887,05:56.0,H0703,,,,,,,,,,,
H0096,31:49.4,,0.39,0.5295,32:27.0,H0437,,,,,,,,,,,
H0097,32:40.6,,0.32,0.4846,32:27.0,H0437,,,,,,,,,,,
H0098,54:59.3,,0.46,0.596,57:51.0,H1198,,,,,,,,,,,
H0099,55:09.6,,0.91,0.8626,34:01.0,H0021,,,,,,,,,,,
H0100,38:56.9,,0.6,0.6577,49:05.0,H0082,,,,,,,,,,,
H0101,09:02.6,,0.64,0.6948,32:27.0,H0437,,,,,,,,,,,
H0102,51:09.7,,0.55,0.5094,52:02.0,H0111,,,,,,,,,,,
H0103,20:02.3,,0.98,0.8686,49:05.0,H0082,,,,,,,,,,,
H0104,35:29.7,,0.44,0.4639,37:17.0,H0106,,,,,,,,,,,
H0105,37:01.7,,0.61,0.7053,37:17.0,H0106,,,,,,,,,,,
H0106,37:17.0,1.53,,1,37:17.0,H0106,37:17.2,34.6615,126.399,20.85,-38.7,34,-54.8,34.67,126.39,21,1.3
H0107,40:48.2,,0.49,0.4866,05:42.0,H1144,,,,,,,,,,,
H0108,49:54.2,,0.46,0.4866,10:49.0,H1148,,,,,,,,,,,
H0109,18:37.1,,0.63,0.709,37:17.0,H0106,,,,,,,,,,,
H0110,30:38.9,,0.83,0.8371,57:03.0,H0508,30:38.9,34.6635,126.4006,21.45,,,,,,,
H0111,52:02.0,2.48,,1,52:02.0,H0111,52:02.1,34.663,126.3996,21.22,10.6,-10.9,42.1,34.66,126.41,22,2.1
H0112,53:04.2,,0.96,0.6265,05:56.0,H0703,,,,,,,,,,,
H0113,53:38.8,,0.96,0.8632,17:13.0,H0117,,,,,,,,,,,
H0114,54:18.7,,0.55,0.4906,06:09.0,H1032,,,,,,,,,,,
H0115,09:35.2,,1.04,0.8541,16:19.0,H0669,,,,,,,,,,,
H0116,14:16.5,,0.57,0.5681,32:57.0,H0131,,,,,,,,,,,
H0117,17:13.0,1.85,,1,17:13.0,H0117,17:12.8,34.6616,126.398,20.78,50.3,-16.4,41.2,34.66,126.39,21,1.3
H0118,18:47.6,,0.89,0.7526,34:01.0,H0021,,,,,,,,,,,
H0119,38:17.8,,0.95,0.8265,34:01.0,H0021,,,,,,,,,,,
H0120,09:04.8,,0.57,0.4785,17:13.0,H0117,,,,,,,,,,,
H0121,25:34.0,1.22,,1,25:34.0,H0121,25:34.2,34.6626,126.4023,20.42,54.6,-7.4,21.6,34.66,126.4,18,0.9
H0122,46:38.7,,0.6,0.6445,25:34.0,H0121,,,,,,,,,,,
H0123,49:29.5,,0.87,0.8311,54:51.0,H0862,49:29.5,34.6606,126.4041,20.24,,,,,,,
H0124,50:04.8,,0.5,0.4933,27:02.0,H0355,,,,,,,,,,,
H0125,14:09.5,,0.53,0.5524,17:13.0,H0117,,,,,,,,,,,
H0126,57:37.2,,0.93,0.8129,35:01.0,H0826,,,,,,,,,,,
H0127,04:11.8,,0.92,0.8452,05:42.0,H1144,,,,,,,,,,,
H0128,15:30.9,,0.56,0.4918,37:17.0,H0106,,,,,,,,,,,
H0129,25:38.3,,0.6,0.6286,43:04.0,H0133,,,,,,,,,,,
H0130,31:41.6,,0.83,0.7303,51:37.0,H0189,,,,,,,,,,,
H0131,32:57.0,1.54,,1,32:57.0,H0131,32:57.1,34.6605,126.3995,20.77,67.7,-24.3,36,34.66,126.4,18,1.3
H0132,31:40.9,,0.74,0.7281,15:57.0,H0160,,,,,,,,,,,
H0133,43:04.0,1.54,,1,43:04.0,H0133,43:04.2,34.6623,126.3995,20.41,52,-2.4,15.3,34.66,126.4,19,1
H0134,50:26.0,1.5,,1,50:26.0,H0134,50:26.3,34.6616,126.401,20.81,35.4,1,4.6,34.65,126.39,22,1.2
H0135,51:15.5,,0.63,0.7338,14:15.0,H0066,,,,,,,,,,,
H0136,18:48.2,,0.54,0.585,23:56.0,H0947,,,,,,,,,,,
H0137,27:01.9,,0.56,0.6465,27:02.0,H0355,,,,,,,,,,,
H0138,38:46.0,,0.48,0.5475,07:36.0,H0197,,,,,,,,,,,
H0139,58:29.8,,0.4,0.4799,57:45.0,H0282,,,,,,,,,,,
H0140,12:45.0,1.18,,0.9332,43:04.0,H0133,12:45.2,34.6626,126.4005,20.6,61.5,-7.8,18.4,,,,
H0141,23:40.1,,0.54,0.5728,14:15.0,H0066,,,,,,,,,,,
H0142,24:06.3,1.05,,0.8288,17:13.0,H0117,24:06.1,34.6593,126.4031,20.39,70.6,-11.8,23.7,,,,
H0143,54:03.4,,0.47,0.5845,43:04.0,H0133,,,,,,,,,,,
H0144,01:53.5,,0.47,0.5152,27:02.0,H0355,,,,,,,,,,,
H0145,06:27.5,,0.49,0.5825,54:51.0,H0862,,,,,,,,,,,
H0146,14:21.7,,0.38,0.4685,51:37.0,H0189,,,,,,,,,,,
H0147,25:04.9,,0.4,0.4932,25:43.0,H0557,,,,,,,,,,,
H0148,27:20.0,1.08,,0.8714,43:04.0,H0133,27:20.7,34.662,126.3993,21.05,64.2,-6.2,1.6,,,,
H0149,28:42.1,,0.88,0.7938,14:15.0,H0066,,,,,,,,,,,
H0150,36:24.2,,0.85,0.8038,51:37.0,H0189,36:24.6,34.666,126.4033,20.11,,,,,,,
H0151,50:42.7,,0.41,0.4943,47:57.0,H1047,,,,,,,,,,,
H0152,53:03.0,1.58,,1,53:03.0,H0152,53:03.0,34.6616,126.3996,20.43,67.1,-3.1,29.4,34.66,126.4,20,1.5
H0153,55:59.0,,0.4,0.4835,14:15.0,H0066,,,,,,,,,,,
H0154,12:11.5,,0.71,0.7734,50:26.0,H0134,,,,,,,,,,,
H0155,44:29.4,,0.58,0.7082,32:27.0,H0437,,,,,,,,,,,
H0156,59:06.6,,0.38,0.501,17:13.0,H0117,,,,,,,,,,,
H0157,10:20.0,,0.39,0.512,25:34.0,H0121,,,,,,,,,,,
H0158,11:44.2,,0.48,0.5981,25:43.0,H0557,,,,,,,,,,,
H0159,13:45.0,,0.37,0.4814,54:51.0,H0862,,,,,,,,,,,
H0160,15:57.0,1.85,,1,15:57.0,H0160,15:56.4,34.6623,126.3996,20.74,47.7,-3.4,11.3,34.66,126.4,21,1.4
H0161,16:53.4,1.37,,0.9134,25:43.0,H0557,16:52.8,34.6626,126.4005,20.8,81.5,-2.7,14.8,,,,
H0162,06:47.0,,0.45,0.502,32:57.0,H0131,,,,,,,,,,,
H0163,07:32.8,0.92,,0.8306,27:02.0,H0355,07:32.7,34.6638,126.3973,22.43,77.9,-0.1,-16.8,,,,
H0164,18:56.9,,0.39,0.5595,54:51.0,H0862,,,,,,,,,,,
H0165,37:55.9,,0.37,0.5011,25:43.0,H0557,,,,,,,,,,,
H0166,52:25.4,,0.52,0.7361,24:20.0,H1126,,,,,,,,,,,
H0167,05:34.9,,0.36,0.4851,06:09.0,H1032,,,,,,,,,,,
H0168,15:24.5,,0.7,0.8398,12:42.0,H0922,,,,,,,,,,,
H0169,25:15.4,,0.85,0.8966,50:26.0,H0134,25:15.8,34.661,126.4025,20.58,,,,,,,
H0170,31:35.9,,0.57,0.7064,27:02.0,H0355,,,,,,,,,,,
H0171,51:39.0,,0.48,0.576,32:27.0,H0437,,,,,,,,,,,
H0172,02:16.1,,0.72,0.8627,27:02.0,H0355,02:15.9,34.6625,126.3995,22.22,,,,,,,
H0173,08:03.2,,0.3,0.4747,27:02.0,H0355,,,,,,,,,,,
H0174,48:34.6,,0.47,0.5736,37:17.0,H0106,,,,,,,,,,,
H0175,56:15.1,,0.37,0.5125,32:27.0,H0437,,,,,,,,,,,
H0176,01:25.6,,0.61,0.7179,27:02.0,H0355,,,,,,,,,,,
H0177,01:34.8,,0.4,0.5227,36:55.0,H0875,,,,,,,,,,,
H0178,18:08.1,,0.48,0.5775,23:56.0,H0947,,,,,,,,,,,
H0179,18:39.3,,0.4,0.516,49:05.0,H0082,,,,,,,,,,,
H0180,30:53.5,,0.34,0.5097,07:36.0,H0197,,,,,,,,,,,
H0181,46:46.9,,0.42,0.556,54:51.0,H0862,,,,,,,,,,,
H0182,54:31.1,,0.58,0.6892,37:17.0,H0106,,,,,,,,,,,
H0183,09:22.5,,0.8,0.8402,49:16.0,H1186,,,,,,,,,,,
H0184,13:15.6,,0.37,0.5027,15:57.0,H0160,,,,,,,,,,,
H0185,16:57.5,,0.41,0.6113,43:04.0,H0133,,,,,,,,,,,
H0186,21:45.3,,0.4,0.5055,14:44.0,H0665,,,,,,,,,,,
H0187,22:19.3,,0.36,0.4979,10:49.0,H1148,,,,,,,,,,,
H0188,39:17.7,,0.32,0.4854,32:57.0,H0131,,,,,,,,,,,
H0189,51:37.0,2.26,,1,51:37.0,H0189,51:37.3,34.6621,126.4003,21.03,42.8,-26.1,45.1,34.66,126.4,21,1.8
H0190,57:50.4,,0.41,0.5653,05:42.0,H1144,,,,,,,,,,,
H0191,03:00.6,,0.54,0.6499,08:01.0,H0917,,,,,,,,,,,
H0192,07:34.3,,0.51,0.6187,17:39.0,H0042,,,,,,,,,,,
H0193,09:09.0,1.1,,0.8291,49:05.0,H0082,09:08.7,34.6605,126.4018,20.99,-35.2,28.8,-29.9,,,,
H0194,15:00.9,,0.35,0.5007,34:01.0,H0021,,,,,,,,,,,
H0195,32:56.7,,0.38,0.5477,57:45.0,H0282,,,,,,,,,,,
H0196,39:44.3,1.11,,0.9303,07:36.0,H0197,39:44.1,34.6621,126.402,20.58,94.2,-10.2,21.6,,,,
H0197,07:36.0,1.6,,1,07:36.0,H0197,07:35.8,34.6635,126.4015,20.47,88,-9.4,9,34.66,126.4,20,1.5
H0198,18:56.5,,0.54,0.5178,52:02.0,H0111,,,,,,,,,,,
H0199,21:49.6,,0.62,0.6666,49:16.0,H1186,,,,,,,,,,,
H0200,44:38.7,,0.55,0.522,23:56.0,H0947,,,,,,,,,,,
H0201,09:30.5,1.2,,0.8576,15:57.0,H0160,09:29.9,34.6628,126.4033,20.47,63.1,-2,-5.9,,,,
H0202,14:02.5,,0.71,0.7529,37:17.0,H0106,,,,,,,,,,,
H0203,55:48.8,1.14,,0.8938,05:42.0,H1144,55:48.5,34.6641,126.3985,20.43,-88,34.6,-43,,,,
H0204,58:53.8,,0.93,0.8711,17:13.0,H0117,58:53.6,34.663,126.4003,20.47,104.6,-23.2,39,,,,
H0205,59:44.0,1.95,,1,59:44.0,H0205,59:44.2,34.6621,126.3976,20.84,-60.7,17.3,-48,34.66,126.4,21,1.4
H0206,34:30.7,,0.58,0.6021,12:42.0,H0922,,,,,,,,,,,
H0207,41:50.8,,0.81,0.7254,57:03.0,H0508,,,,,,,,,,,
H0208,40:16.2,,0.75,0.7902,27:02.0,H0355,,,,,,,,,,,
H0209,17:45.5,,0.72,0.7358,14:15.0,H0066,,,,,,,,,,,
H0210,41:33.2,,0.58,0.7042,24:20.0,H1126,,,,,,,,,,,
H0211,01:40.0,0.77,,0.6465,27:02.0,H0355,01:39.7,34.6618,126.3975,21.63,34.3,14.2,-13.3,,,,
H0212,35:26.9,,0.44,0.5911,10:23.0,H0994,,,,,,,,,,,
H0213,14:41.5,,0.38,0.4634,37:17.0,H0106,,,,,,,,,,,
H0214,24:42.4,,0.69,0.8328,16:19.0,H0669,,,,,,,,,,,
H0215,52:20.8,,0.67,0.7911,35:01.0,H0826,,,,,,,,,,,
H0216,40:36.4,,0.35,0.5105,05:56.0,H0703,,,,,,,,,,,
H0217,44:31.7,,0.58,0.6606,16:19.0,H0669,,,,,,,,,,,
H0218,45:39.6,,0.46,0.5297,57:51.0,H1198,,,,,,,,,,,
H0219,16:31.1,,0.49,0.6418,50:26.0,H0134,,,,,,,,,,,
H0220,55:00.3,,0.36,0.5349,25:34.0,H0121,,,,,,,,,,,
H0221,56:45.9,,0.6,0.6628,37:17.0,H0106,,,,,,,,,,,
H0222,57:17.6,,0.57,0.6244,51:52.0,H1193,,,,,,,,,,,
H0223,59:36.0,,0.42,0.5105,32:57.0,H0131,,,,,,,,,,,
H0224,17:20.7,,0.29,0.4656,10:49.0,H1148,,,,,,,,,,,
H0225,34:01.3,,0.55,0.6679,57:03.0,H0508,,,,,,,,,,,
H0226,34:39.4,,0.36,0.5451,25:43.0,H0557,,,,,,,,,,,
H0227,42:20.8,,0.49,0.6265,49:16.0,H1186,,,,,,,,,,,
H0228,22:04.2,,0.37,0.4659,14:15.0,H0066,,,,,,,,,,,
H0229,03:26.3,,0.41,0.5637,51:52.0,H1193,,,,,,,,,,,
H0230,28:44.9,,0.63,0.758,32:27.0,H0437,,,,,,,,,,,
H0231,31:11.1,,0.48,0.4825,32:57.0,H0131,,,,,,,,,,,
H0232,41:26.3,1.21,,0.8767,27:02.0,H0355,41:27.0,34.6621,126.4031,20.68,49.1,2.6,-26,,,,
H0233,45:49.8,,0.54,0.7154,05:56.0,H0703,,,,,,,,,,,
H0234,12:19.8,,0.88,0.7685,54:51.0,H0862,12:19.9,34.6643,126.403,20.57,,,,,,,
H0235,19:06.4,,0.62,0.6338,12:42.0,H0922,,,,,,,,,,,
H0236,21:06.8,,0.62,0.6579,05:42.0,H1144,,,,,,,,,,,
H0237,13:14.0,2.71,,1,13:14.0,H0237,13:14.0,34.6621,126.3993,20.96,13,2.8,34.3,34.66,126.4,21,2.4
H0238,15:21.7,,0.49,0.4652,35:22.0,H0389,,,,,,,,,,,
H0239,15:37.2,,0.6,0.5985,24:20.0,H1126,,,,,,,,,,,
H0240,16:01.6,,0.51,0.4799,51:37.0,H0189,,,,,,,,,,,
H0241,16:43.2,,0.46,0.475,27:02.0,H0355,,,,,,,,,,,
H0242,17:07.1,,0.87,0.8351,12:20.0,H0418,,,,,,,,,,,
H0243,19:02.5,,0.74,0.7331,12:20.0,H0418,,,,,,,,,,,
H0244,19:45.8,,0.47,0.5408,50:26.0,H0134,,,,,,,,,,,
H0245,21:18.0,,0.71,0.5741,35:22.0,H0389,,,,,,,,,,,
H0246,28:14.5,,0.57,0.6483,37:17.0,H0106,,,,,,,,,,,
H0247,28:22.7,,0.45,0.5357,35:01.0,H0826,,,,,,,,,,,
H0248,31:08.9,,0.72,0.6765,51:37.0,H0189,,,,,,,,,,,
H0249,32:08.9,,0.76,0.6868,34:01.0,H0021,,,,,,,,,,,
H0250,32:16.8,,0.61,0.5597,14:15.0,H0066,,,,,,,,,,,
H0251,32:26.8,1.1,,0.825,34:01.0,H0021,32:27.2,34.6621,126.4025,19.42,-67.8,-33.2,-1.4,,,,
H0252,35:50.9,,0.47,0.5105,34:01.0,H0021,,,,,,,,,,,
H0253,37:54.9,1.43,,0.8839,08:01.0,H0917,37:55.2,34.6641,126.3983,20.82,-64.6,-37.3,-5,,,,
H0254,41:20.6,,0.74,0.6392,57:51.0,H1198,,,,,,,,,,,
H0255,44:04.2,,0.68,0.7178,25:38.0,H0031,,,,,,,,,,,
H0256,47:42.5,1.19,,0.8674,34:01.0,H0021,47:42.8,34.6626,126.4023,19.98,-90.4,-31.9,-21,,,,
H0257,50:45.7,,0.89,0.7896,50:26.0,H0134,,,,,,,,,,,
H0258,56:19.1,1.27,,0.8727,34:01.0,H0021,56:19.5,34.6623,126.3998,19.49,-79,-30.9,-13.4,,,,
H0259,57:14.2,,0.6,0.5997,12:20.0,H0418,,,,,,,,,,,
H0260,58:42.7,1.31,,0.8731,08:14.0,H0653,58:42.2,34.6658,126.4003,20.55,118.4,-13,16,,,,
H0261,59:04.1,,0.63,0.5163,35:22.0,H0389,,,,,,,,,,,
H0262,01:11.3,,0.72,0.7218,25:38.0,H0031,,,,,,,,,,,
H0263,01:20.5,,0.98,0.8421,14:15.0,H0066,01:20.7,34.6616,126.397,19.64,-58.2,-50.5,6.2,,,,
H0264,06:46.1,,0.83,0.7213,07:36.0,H0197,,,,,,,,,,,
H0265,20:36.8,,0.84,0.7746,14:15.0,H0066,,,,,,,,,,,
H0266,21:25.5,,0.65,0.6106,04:53.0,H0337,,,,,,,,,,,
H0267,33:15.6,,0.55,0.5489,34:01.0,H0021,,,,,,,,,,,
H0268,34:49.9,,0.64,0.6742,34:01.0,H0021,,,,,,,,,,,
H0269,38:31.2,,0.8,0.7458,24:20.0,H1126,,,,,,,,,,,
H0270,07:32.3,,0.93,0.8834,57:45.0,H0282,07:32.0,34.6651,126.4011,20.25,,,,,,,
H0271,16:26.0,1.07,,0.7788,53:29.0,H0554,16:26.3,34.6653,126.4011,19.37,29.3,0.8,0.4,,,,
H0272,21:01.9,,0.67,0.729,41:52.0,H0618,,,,,,,,,,,
H0273,23:07.4,,0.68,0.6325,37:17.0,H0106,,,,,,,,,,,
H0274,25:25.4,,0.55,0.563,57:45.0,H0282,,,,,,,,,,,
H0275,27:35.4,,0.54,0.548,25:43.0,H0557,,,,,,,,,,,
H0276,29:22.7,,0.58,0.5135,52:02.0,H0111,,,,,,,,,,,
H0277,30:32.8,,0.63,0.6921,32:57.0,H0131,,,,,,,,,,,
H0278,37:10.2,,0.64,0.5252,25:34.0,H0121,,,,,,,,,,,
H0279,39:43.5,,0.51,0.5771,41:52.0,H0618,,,,,,,,,,,
H0280,45:35.1,,0.5,0.5207,35:22.0,H0389,,,,,,,,,,,
H0281,57:16.1,,0.84,0.7454,49:05.0,H0082,,,,,,,,,,,
H0282,57:45.0,1.74,,1,57:45.0,H0282,57:44.6,34.6633,126.4013,20.9,113.7,-6.1,-1.4,34.65,126.4,20,1.5
H0283,04:25.9,,0.61,0.5886,40:50.0,H1218,,,,,,,,,,,
H0284,04:51.7,,0.64,0.6854,37:17.0,H0106,,,,,,,,,,,
H0285,05:47.3,,0.51,0.5607,25:34.0,H0121,,,,,,,,,,,
H0286,30:43.9,,0.83,0.7733,14:15.0,H0066,,,,,,,,,,,
H0287,32:10.6,,0.65,0.6617,08:01.0,H0917,,,,,,,,,,,
H0288,33:30.0,,0.97,0.7877,10:58.0,H0056,,,,,,,,,,,
H0289,34:42.3,,0.44,0.5113,57:51.0,H1198,,,,,,,,,,,
H0290,42:24.7,,0.93,0.7956,50:56.0,H0400,,,,,,,,,,,
H0291,55:38.2,,0.85,0.7742,34:01.0,H0021,,,,,,,,,,,
H0292,34:10.5,,0.89,0.7895,08:01.0,H0917,,,,,,,,,,,
H0293,34:28.3,,0.65,0.7071,34:01.0,H0021,,,,,,,,,,,
H0294,13:39.7,1.31,,0.8675,34:27.0,H0784,13:39.4,34.6623,126.3993,20.36,-95.8,-38.2,-20.2,,,,
H0295,19:47.1,,0.71,0.7555,21:31.0,H0371,,,,,,,,,,,
H0296,35:42.2,,0.59,0.6043,41:52.0,H0618,,,,,,,,,,,
H0297,40:35.8,,0.76,0.6795,53:29.0,H0554,40:36.1,34.6646,126.4051,18.81,,,,,,,
H0298,15:21.1,,0.54,0.5924,12:20.0,H0418,,,,,,,,,,,
H0299,41:57.2,,0.61,0.6214,25:38.0,H0031,,,,,,,,,,,
H0300,42:48.3,,0.76,0.6991,34:01.0,H0021,,,,,,,,,,,
H0301,04:21.3,,0.85,0.7958,49:05.0,H0082,,,,,,,,,,,
H0302,30:51.3,,0.62,0.6178,50:56.0,H0400,,,,,,,,,,,
H0303,42:40.4,1.51,,0.8584,25:38.0,H0031,42:40.5,34.6635,126.3993,21.09,-79,-35.4,3,,,,
H0304,49:59.7,,0.77,0.7545,02:03.0,H1142,,,,,,,,,,,
H0305,53:01.3,,0.6,0.6249,21:31.0,H0371,,,,,,,,,,,
H0306,28:10.2,,0.91,0.8127,08:14.0,H0653,,,,,,,,,,,
H0307,33:33.1,1.29,,0.9282,54:51.0,H0862,33:33.3,34.6621,126.4018,20.68,47.3,0.4,-2.9,,,,
H0308,34:21.8,,0.92,0.7451,32:57.0,H0131,,,,,,,,,,,
H0309,41:09.9,,0.66,0.6632,25:43.0,H0557,,,,,,,,,,,
H0310,59:59.6,1.32,,0.8788,57:45.0,H0282,59:59.3,34.6661,126.4085,19.3,114.2,-13,16.2,,,,
H0311,06:48.0,,0.62,0.5192,49:05.0,H0082,,,,,,,,,,,
H0312,27:23.8,,0.72,0.6803,57:45.0,H0282,,,,,,,,,,,
H0313,28:44.9,,0.6,0.4981,25:43.0,H0557,,,,,,,,,,,
H0314,55:37.9,,0.65,0.6122,12:31.0,H0328,,,,,,,,,,,
H0315,26:40.5,,0.59,0.5012,43:04.0,H0133,,,,,,,,,,,
H0316,49:56.3,,0.64,0.583,51:52.0,H1193,,,,,,,,,,,
H0317,53:14.2,,0.53,0.5045,50:26.0,H0134,,,,,,,,,,,
H0318,59:39.9,,0.78,0.7762,21:31.0,H0371,,,,,,,,,,,
H0319,59:52.9,,0.58,0.5877,34:27.0,H0784,,,,,,,,,,,
H0320,00:49.4,,0.51,0.5055,25:06.0,H0353,,,,,,,,,,,
H0321,02:07.9,,0.94,0.8606,35:22.0,H0389,,,,,,,,,,,
H0322,22:49.6,,0.9,0.8405,41:52.0,H0618,22:50.3,34.6673,126.4008,18.49,,,,,,,
H0323,28:11.5,1.34,,0.8447,15:57.0,H0160,28:11.0,34.6648,126.405,20.23,82.4,1.4,-9.3,,,,
H0324,44:08.3,,0.61,0.5632,43:04.0,H0133,,,,,,,,,,,
H0325,55:40.7,,0.67,0.7202,27:02.0,H0355,,,,,,,,,,,
H0326,56:14.7,,0.83,0.6114,34:01.0,H0021,,,,,,,,,,,
H0327,02:28.3,,0.76,0.6601,57:45.0,H0282,,,,,,,,,,,
H0328,12:31.0,1.94,,1,12:31.0,H0328,12:31.1,34.6623,126.3998,20.72,52.2,-2.1,-9.8,34.66,126.4,21,1.3
H0329,15:44.5,,0.62,0.6529,12:42.0,H0922,,,,,,,,,,,
H0330,18:07.8,,0.7,0.6386,37:17.0,H0106,,,,,,,,,,,
H0331,19:51.9,,0.42,0.5017,10:49.0,H1148,,,,,,,,,,,
H0332,32:53.3,,0.5,0.5466,25:34.0,H0121,,,,,,,,,,,
H0333,37:06.3,1.35,,0.8768,21:31.0,H0371,37:06.2,34.663,126.4028,20.34,65.3,18.3,-33.5,,,,
H0334,39:33.7,,0.98,0.829,57:45.0,H0282,39:33.0,34.662,126.406,22.06,,,,,,,
H0335,19:25.8,,0.58,0.558,53:29.0,H0554,,,,,,,,,,,
H0336,23:32.6,,0.71,0.6592,57:45.0,H0282,,,,,,,,,,,
H0337,04:53.0,1.96,,1,04:53.0,H0337,04:53.2,34.6616,126.4011,20.71,116.3,-10.3,22.4,34.66,126.4,22,1.4
H0338,14:49.8,,0.62,0.6335,35:22.0,H0389,,,,,,,,,,,
H0339,18:37.7,,0.38,0.4652,44:48.0,H0870,,,,,,,,,,,
H0340,33:26.7,,0.69,0.7133,53:29.0,H0554,,,,,,,,,,,
H0341,44:04.1,,0.59,0.7293,21:31.0,H0371,,,,,,,,,,,
H0342,44:21.5,,0.51,0.5738,27:02.0,H0355,,,,,,,,,,,
H0343,49:08.5,,0.38,0.5516,21:31.0,H0371,,,,,,,,,,,
H0344,50:14.5,,0.38,0.4722,27:02.0,H0355,,,,,,,,,,,
H0345,51:59.7,,0.4,0.5031,34:01.0,H0021,,,,,,,,,,,
H0346,04:13.8,,0.41,0.493,50:56.0,H0400,,,,,,,,,,,
H0347,12:26.5,,0.9,0.7231,35:22.0,H0389,,,,,,,,,,,
H0348,36:35.4,,0.6,0.607,21:31.0,H0371,,,,,,,,,,,
H0349,51:36.4,,0.59,0.546,27:37.0,H0988,,,,,,,,,,,
H0350,56:07.4,,0.56,0.5796,23:56.0,H0947,,,,,,,,,,,
H0351,04:04.9,,0.38,0.4946,35:22.0,H0389,,,,,,,,,,,
H0352,06:21.6,,0.73,0.7897,35:22.0,H0389,06:21.3,34.6675,126.4055,22.6,,,,,,,
H0353,25:06.0,1.35,,1,25:06.0,H0353,25:06.3,34.6621,126.3986,20.37,-6.2,30,-52.9,34.66,126.4,18,1.1
H0354,26:38.8,,0.61,0.6549,25:06.0,H0353,,,,,,,,,,,
H0355,27:02.0,1.39,,1,27:02.0,H0355,27:02.1,34.6613,126.402,20.61,76.6,2,-4.8,34.66,126.4,20,1.4
H0356,43:44.5,,0.36,0.5083,57:45.0,H0282,,,,,,,,,,,
H0357,24:17.1,,0.39,0.5046,32:27.0,H0437,,,,,,,,,,,
H0358,31:00.0,,0.48,0.486,53:29.0,H0554,,,,,,,,,,,
H0359,36:53.8,,0.61,0.6334,54:51.0,H0862,,,,,,,,,,,
H0360,54:55.1,,0.59,0.5875,35:22.0,H0389,,,,,,,,,,,
H0361,55:14.0,,0.35,0.4865,32:27.0,H0437,,,,,,,,,,,
H0362,25:43.5,,0.39,0.5271,36:55.0,H0875,,,,,,,,,,,
H0363,48:16.6,,0.48,0.5221,27:02.0,H0355,,,,,,,,,,,
H0364,51:45.5,,0.57,0.5441,27:02.0,H0355,,,,,,,,,,,
H0365,58:37.5,,0.47,0.5156,17:39.0,H0042,,,,,,,,,,,
H0366,05:17.0,,0.35,0.4771,00:04.0,H0626,,,,,,,,,,,
H0367,11:04.2,1.27,,0.9347,21:31.0,H0371,11:04.1,34.6615,126.4018,20.47,65.2,23.1,-34.2,,,,
H0368,11:17.6,1.44,,0.9022,53:29.0,H0554,11:17.4,34.6641,126.4001,20.74,66.1,21.3,-34.5,,,,
H0369,12:04.7,0.96,,0.7909,27:02.0,H0355,12:04.9,34.6651,126.4013,19.37,74.8,15.1,-31.5,,,,
H0370,16:16.6,,0.79,0.7249,12:42.0,H0922,16:15.9,34.6663,126.4011,20.08,,,,,,,
H0371,21:31.0,1.41,,1,21:31.0,H0371,21:30.9,34.6615,126.4018,20.51,64.4,18.3,-27.7,34.67,126.4,20,1.3
H0372,34:49.8,,0.43,0.5487,35:22.0,H0389,,,,,,,,,,,
H0373,37:16.8,,0.63,0.6556,35:22.0,H0389,,,,,,,,,,,
H0374,37:47.3,,0.96,0.7021,12:20.0,H0418,37:47.5,34.6601,126.396,19.39,,,,,,,
H0375,43:38.3,,0.73,0.6759,19:32.0,H1291,43:39.1,34.6521,126.3981,22.11,,,,,,,
H0376,54:04.9,,0.62,0.624,12:42.0,H0922,,,,,,,,,,,
H0377,55:03.8,,0.8,0.8053,35:22.0,H0389,,,,,,,,,,,
H0378,04:46.7,,0.46,0.5847,35:22.0,H0389,,,,,,,,,,,
H0379,08:09.9,,0.61,0.6211,27:02.0,H0355,,,,,,,,,,,
H0380,12:26.0,2.48,,1,12:26.0,H0380,12:25.9,34.6635,126.3995,20.81,38.6,20.5,-4.4,34.66,126.4,21,1.9
H0381,13:49.8,,0.73,0.6213,27:02.0,H0355,,,,,,,,,,,
H0382,15:47.9,,0.54,0.6007,32:27.0,H0437,,,,,,,,,,,
H0383,16:11.2,1.18,,0.7994,25:06.0,H0353,16:11.5,34.661,126.3978,20.9,100.1,14.1,-46.7,,,,
H0384,18:40.6,,0.61,0.7004,53:29.0,H0554,18:40.3,34.6635,126.3935,22.45,,,,,,,
H0385,29:03.6,,0.53,0.6283,32:27.0,H0437,,,,,,,,,,,
H0386,30:10.8,,0.91,0.8496,35:22.0,H0389,,,,,,,,,,,
H0387,34:20.7,1.23,,0.8703,57:03.0,H0508,34:20.8,34.6613,126.4003,21.43,-18.8,22,-41.8,,,,
H0388,35:08.3,,0.4,0.5603,50:56.0,H0400,,,,,,,,,,,
H0389,35:22.0,1.64,,1,35:22.0,H0389,35:22.2,34.6618,126.4015,20.87,126.7,-24.9,41.9,34.66,126.39,21,1.5
H0390,39:17.8,,0.73,0.6645,50:56.0,H0400,,,,,,,,,,,
H0391,39:46.6,,0.51,0.5913,50:56.0,H0400,,,,,,,,,,,
H0392,41:59.7,,0.59,0.6274,34:01.0,H0021,,,,,,,,,,,
H0393,42:46.9,,0.43,0.4873,50:56.0,H0400,,,,,,,,,,,
H0394,43:20.4,,0.36,0.4783,50:56.0,H0400,,,,,,,,,,,
H0395,43:55.6,,0.43,0.5939,24:20.0,H1126,,,,,,,,,,,
H0396,44:18.2,,0.37,0.5335,35:22.0,H0389,,,,,,,,,,,
H0397,45:57.6,,0.8,0.8265,35:22.0,H0389,45:58.0,34.6535,126.3983,19.33,,,,,,,
H0398,49:21.1,1.11,,0.8316,35:22.0,H0389,49:21.3,34.6623,126.4043,20.52,143,-57.3,71.5,,,,
H0399,49:37.1,,0.48,0.5894,12:20.0,H0418,,,,,,,,,,,
H0400,50:56.0,1.42,,1,50:56.0,H0400,50:55.9,34.6621,126.3988,20.28,134.8,-51.5,71.5,34.66,126.4,18,1.2
H0401,55:35.2,,0.32,0.4928,35:22.0,H0389,,,,,,,,,,,
H0402,00:36.5,,0.63,0.6003,50:56.0,H0400,,,,,,,,,,,
H0403,02:18.2,1.21,,0.9383,35:22.0,H0389,02:18.3,34.6626,126.4013,21.13,121.8,-30.4,46.5,,,,
H0404,07:02.9,,0.88,0.8006,35:22.0,H0389,07:03.1,34.6621,126.404,20.29,,,,,,,
H0405,16:26.6,,0.58,0.6777,35:22.0,H0389,,,,,,,,,,,
H0406,24:52.4,,0.57,0.7,35:22.0,H0389,,,,,,,,,,,
H0407,25:10.8,,0.45,0.4972,27:02.0,H0355,,,,,,,,,,,
H0408,36:12.7,,0.42,0.5731,17:13.0,H0117,,,,,,,,,,,
H0409,41:34.7,,0.4,0.5643,50:56.0,H0400,,,,,,,,,,,
H0410,46:29.5,,0.42,0.5024,57:51.0,H1198,,,,,,,,,,,
H0411,49:00.6,,0.48,0.5767,50:56.0,H0400,,,,,,,,,,,
H0412,49:07.8,,0.33,0.5062,32:57.0,H0131,,,,,,,,,,,
H0413,51:31.0,,0.61,0.6598,50:56.0,H0400,,,,,,,,,,,
H0414,54:59.9,,0.53,0.6382,35:22.0,H0389,,,,,,,,,,,
H0415,56:29.6,,0.36,0.4604,53:29.0,H0554,,,,,,,,,,,
H0416,59:19.0,,0.4,0.5384,27:02.0,H0355,,,,,,,,,,,
H0417,06:22.5,,0.36,0.4861,17:13.0,H0117,,,,,,,,,,,
H0418,12:20.0,1.56,,1,12:20.0,H0418,12:20.0,34.6611,126.3995,20.6,136,-23.4,40.2,34.66,126.4,20,1.4
H0419,16:22.1,,0.37,0.5518,25:43.0,H0557,,,,,,,,,,,
H0420,20:20.6,,0.41,0.5725,34:01.0,H0021,,,,,,,,,,,
H0421,26:52.0,2.44,,1,26:52.0,H0421,26:51.8,34.6613,126.401,21.03,49.3,18.1,-49.7,34.66,126.4,21,1.9
H0422,28:02.9,,0.75,0.5192,32:27.0,H0437,,,,,,,,,,,
H0423,28:44.9,,0.86,0.84,19:32.0,H1291,28:45.9,34.6585,126.4033,21.19,,,,,,,
H0424,34:39.2,,0.43,0.498,27:02.0,H0355,,,,,,,,,,,
H0425,35:37.3,,0.45,0.4967,25:34.0,H0121,,,,,,,,,,,
H0426,39:47.7,,0.57,0.6555,37:17.0,H0106,,,,,,,,,,,
H0427,40:41.0,,0.36,0.4793,25:06.0,H0353,,,,,,,,,,,
H0428,40:48.2,,0.56,0.6018,57:03.0,H0508,,,,,,,,,,,
H0429,44:31.4,,0.42,0.51,24:20.0,H1126,,,,,,,,,,,
H0430,45:59.4,,0.43,0.5426,37:17.0,H0106,,,,,,,,,,,
H0431,49:39.5,,0.38,0.4757,50:56.0,H0400,,,,,,,,,,,
H0432,55:00.4,,0.44,0.5049,35:22.0,H0389,,,,,,,,,,,
H0433,55:41.6,1.11,,0.8198,21:31.0,H0371,55:41.5,34.6633,126.4025,20.48,30.3,32.9,-79,,,,
H0434,01:48.2,,0.51,0.477,10:23.0,H0994,,,,,,,,,,,
H0435,04:22.8,,0.58,0.647,32:27.0,H0437,,,,,,,,,,,
H0436,29:01.7,,0.63,0.6851,25:34.0,H0121,,,,,,,,,,,
H0437,32:27.0,1.92,,1,32:27.0,H0437,32:26.4,34.662,126.3983,20.89,-111.3,33.3,-49.9,34.66,126.37,21,1.7
H0438,40:53.2,,0.71,0.7413,50:56.0,H0400,,,,,,,,,,,
H0439,51:37.0,,0.83,0.6994,32:57.0,H0131,,,,,,,,,,,
H0440,54:41.3,,0.53,0.6074,00:04.0,H0626,,,,,,,,,,,
H0441,58:02.2,,0.57,0.5124,14:15.0,H0066,,,,,,,,,,,
H0442,03:59.8,,0.64,0.5664,07:36.0,H0197,,,,,,,,,,,
H0443,45:21.1,,0.61,0.618,27:37.0,H0988,,,,,,,,,,,
H0444,17:44.9,1.48,,0.8701,19:32.0,H1291,17:46.1,34.6608,126.4015,20.52,19.1,27.8,-72.1,,,,
H0445,03:36.1,,0.71,0.6299,23:56.0,H0947,,,,,,,,,,,
H0446,29:54.2,1.52,,0.882,35:22.0,H0389,29:54.5,34.662,126.403,20.44,115,-29.4,51.2,,,,
H0447,57:21.4,,0.81,0.6815,12:42.0,H0922,,,,,,,,,,,
H0448,59:19.1,,0.79,0.6792,12:20.0,H0418,,,,,,,,,,,
H0449,38:11.0,,0.78,0.7415,12:31.0,H0328,,,,,,,,,,,
H0450,22:53.4,,0.54,0.5789,27:02.0,H0355,,,,,,,,,,,
H0451,17:23.0,,0.63,0.4707,32:57.0,H0131,,,,,,,,,,,
H0452,24:20.4,,0.9,0.8718,27:02.0,H0355,,,,,,,,,,,
H0453,30:05.4,,0.54,0.5807,53:29.0,H0554,,,,,,,,,,,
H0454,04:52.6,1.11,,0.8242,57:03.0,H0508,04:52.2,34.665,126.3991,21.35,1.5,36.2,-79.6,,,,
H0455,17:05.4,,0.98,0.7578,00:04.0,H0626,,,,,,,,,,,
H0456,33:29.1,1.56,,0.8558,15:57.0,H0160,33:28.6,34.6618,126.402,20.16,78.5,3.5,-11.9,,,,
H0457,44:19.3,,0.58,0.5006,50:26.0,H0134,,,,,,,,,,,
H0458,13:57.0,,0.49,0.5131,25:43.0,H0557,,,,,,,,,,,
H0459,30:39.2,,0.59,0.5672,23:56.0,H0947,,,,,,,,,,,
H0460,31:55.8,,0.79,0.7773,37:17.0,H0106,,,,,,,,,,,
H0461,36:05.3,,0.73,0.6408,53:29.0,H0554,,,,,,,,,,,
H0462,43:52.6,,0.77,0.7371,22:55.0,H0534,,,,,,,,,,,
H0463,52:12.0,,0.57,0.5658,32:57.0,H0131,,,,,,,,,,,
H0464,52:44.4,,0.89,0.7738,32:57.0,H0131,,,,,,,,,,,
H0465,52:52.8,,0.7,0.7103,50:56.0,H0400,,,,,,,,,,,
H0466,19:52.7,,0.56,0.5461,25:06.0,H0353,,,,,,,,,,,
H0467,32:51.9,,0.67,0.6689,21:31.0,H0371,,,,,,,,,,,
H0468,06:06.8,,0.77,0.7175,53:29.0,H0554,,,,,,,,,,,
H0469,14:35.3,,0.9,0.8474,53:29.0,H0554,14:35.2,34.6633,126.4031,20.5,95.8,18.1,-26.6,,,,
H0470,33:12.1,1.11,,0.7586,23:56.0,H0947,33:12.4,34.6636,126.4011,21.3,20,19.6,-35.7,,,,
H0471,31:57.4,,0.55,0.5074,32:27.0,H0437,,,,,,,,,,,
H0472,42:06.9,,0.69,0.6714,19:32.0,H1291,,,,,,,,,,,
H0473,45:41.4,,0.6,0.5927,53:29.0,H0554,,,,,,,,,,,
H0474,28:08.7,,0.73,0.7159,44:48.0,H0870,,,,,,,,,,,
H0475,40:33.1,,0.5,0.5562,53:29.0,H0554,,,,,,,,,,,
H0476,57:47.3,,0.96,0.85,27:37.0,H0988,57:46.6,34.6625,126.402,20.77,,,,,,,
H0477,04:12.4,,0.46,0.58,57:03.0,H0508,,,,,,,,,,,
H0478,06:44.4,0.94,,0.8594,37:17.0,H0106,06:44.5,34.662,126.3915,21.64,-37.6,39,-72.1,,,,
H0479,58:02.6,,0.39,0.4739,53:29.0,H0554,,,,,,,,,,,
H0480,00:18.1,,0.5,0.5659,25:43.0,H0557,,,,,,,,,,,
H0481,01:11.2,,0.5,0.6024,27:02.0,H0355,,,,,,,,,,,
H0482,26:43.2,,0.61,0.7566,53:29.0,H0554,,,,,,,,,,,
H0483,26:53.7,,0.34,0.4702,14:15.0,H0066,,,,,,,,,,,
H0484,28:35.6,,0.76,0.7517,53:29.0,H0554,,,,,,,,,,,
H0485,33:04.1,,0.68,0.6901,53:29.0,H0554,,,,,,,,,,,
H0486,34:05.2,,0.26,0.5245,21:31.0,H0371,,,,,,,,,,,
H0487,34:09.8,,0.71,0.7974,37:17.0,H0106,,,,,,,,,,,
H0488,40:50.6,,0.41,0.5915,50:26.0,H0134,,,,,,,,,,,
H0489,43:53.0,,0.55,0.4715,22:55.0,H0534,,,,,,,,,,,
H0490,01:00.3,,0.42,0.497,27:02.0,H0355,,,,,,,,,,,
H0491,08:32.1,,0.73,0.7025,23:56.0,H0947,08:32.1,34.6616,126.4005,20.66,,,,,,,
H0492,09:42.1,,0.36,0.4812,35:22.0,H0389,,,,,,,,,,,
H0493,17:53.5,,0.68,0.7169,27:02.0,H0355,,,,,,,,,,,
H0494,19:45.2,,0.46,0.6018,27:02.0,H0355,,,,,,,,,,,
H0495,33:39.8,,0.63,0.7193,37:17.0,H0106,,,,,,,,,,,
H0496,59:17.4,,0.25,0.4774,14:15.0,H0066,,,,,,,,,,,
H0497,04:04.2,,0.67,0.7098,22:55.0,H0534,,,,,,,,,,,
H0498,23:29.3,,0.39,0.5338,49:05.0,H0082,,,,,,,,,,,
H0499,11:19.7,1.08,,0.8824,53:29.0,H0554,11:19.4,34.6655,126.4003,20.81,98.6,18.1,-34.7,,,,
H0500,17:47.3,,0.42,0.4739,37:17.0,H0106,,,,,,,,,,,
H0501,20:23.6,,0.43,0.5469,41:52.0,H0618,,,,,,,,,,,
H0502,31:45.7,1.2,,0.8428,22:55.0,H0534,31:45.1,34.6618,126.4011,21.14,62,23.2,-84.1,,,,
H0503,57:57.7,,0.38,0.5213,27:02.0,H0355,,,,,,,,,,,
H0504,58:03.2,,0.6,0.6213,25:34.0,H0121,,,,,,,,,,,
H0505,22:02.0,,0.38,0.5412,37:17.0,H0106,,,,,,,,,,,
H0506,44:45.4,,0.71,0.7682,57:51.0,H1198,44:45.6,34.6673,126.3991,18.39,,,,,,,
H0507,49:56.3,,0.52,0.6324,54:51.0,H0862,,,,,,,,,,,
H0508,57:03.0,2.51,,1,57:03.0,H0508,57:03.1,34.6635,126.3991,21.22,-14.3,29.5,-42.5,34.66,126.4,21,2.3
H0509,00:44.1,,0.42,0.5155,35:22.0,H0389,,,,,,,,,,,
H0510,04:06.9,,0.27,0.4693,25:34.0,H0121,,,,,,,,,,,
H0511,06:54.8,,0.43,0.577,49:05.0,H0082,,,,,,,,,,,
H0512,07:35.8,,0.31,0.4667,27:02.0,H0355,,,,,,,,,,,
H0513,11:59.1,,0.6,0.737,19:32.0,H1291,,,,,,,,,,,
H0514,25:42.9,,0.64,0.7451,19:32.0,H1291,25:44.4,34.663,126.4,21.09,,,,,,,
H0515,56:46.3,,0.43,0.6217,37:17.0,H0106,,,,,,,,,,,
H0516,02:48.0,,0.29,0.5228,22:55.0,H0534,,,,,,,,,,,
H0517,09:04.0,,0.39,0.6559,44:48.0,H0870,,,,,,,,,,,
H0518,13:07.3,,0.31,0.5944,50:56.0,H0400,,,,,,,,,,,
H0519,18:39.8,,0.42,0.5909,00:04.0,H0626,,,,,,,,,,,
H0520,37:06.0,,0.36,0.5183,00:04.0,H0626,,,,,,,,,,,
H0521,00:26.0,,0.42,0.6173,19:32.0,H1291,,,,,,,,,,,
H0522,21:43.6,1.21,,0.9408,00:04.0,H0626,21:43.5,34.6623,126.4001,20.6,-19.5,44.4,-79.4,,,,
H0523,22:37.8,,0.43,0.4738,22:55.0,H0534,,,,,,,,,,,
H0524,23:56.6,,0.7,0.8446,19:32.0,H1291,,,,,,,,,,,
H0525,25:04.4,1,,0.8878,22:55.0,H0534,25:04.3,34.6628,126.3986,20.76,-30.6,42.2,-100.1,,,,
H0526,25:35.9,,0.38,0.476,53:29.0,H0554,,,,,,,,,,,
H0527,26:16.0,1.14,,0.8831,00:04.0,H0626,26:15.9,34.6623,126.3991,20.7,-21.3,43.5,-97.9,,,,
H0528,27:06.5,,0.33,0.5115,22:55.0,H0534,,,,,,,,,,,
H0529,27:23.9,,0.45,0.6382,19:32.0,H1291,,,,,,,,,,,
H0530,35:12.0,1.23,,0.906,22:55.0,H0534,35:12.0,34.6616,126.401,20.73,-32.8,38.9,-35.2,,,,
H0531,36:47.3,,0.5,0.644,25:06.0,H0353,,,,,,,,,,,
H0532,37:51.2,,0.48,0.5404,25:06.0,H0353,,,,,,,,,,,
H0533,42:20.4,,0.79,0.8059,37:17.0,H0106,,,,,,,,,,,
H0534,22:55.0,1.46,,1,22:55.0,H0534,22:54.9,34.6633,126.3995,21.21,-18.1,35.1,-75.2,34.66,126.4,20,1.2
H0535,37:18.5,,0.46,0.4673,22:55.0,H0534,,,,,,,,,,,
H0536,44:48.2,,0.67,0.5961,14:15.0,H0066,,,,,,,,,,,
H0537,57:59.1,,0.45,0.5109,00:04.0,H0626,,,,,,,,,,,
H0538,04:54.7,,0.59,0.494,59:44.0,H0205,,,,,,,,,,,
H0539,55:07.1,,0.89,0.8149,37:17.0,H0106,,,,,,,,,,,
H0540,12:15.8,,0.44,0.5034,37:17.0,H0106,,,,,,,,,,,
H0541,34:34.9,,0.92,0.729,25:06.0,H0353,,,,,,,,,,,
H0542,58:54.9,,0.87,0.7538,57:03.0,H0508,58:55.2,34.6658,126.3981,20.86,,,,,,,
H0543,07:38.4,,0.51,0.4956,37:17.0,H0106,,,,,,,,,,,
H0544,07:57.2,1.19,,0.8398,19:32.0,H1291,07:58.3,34.663,126.404,20.96,5.3,36.2,-78.5,,,,
H0545,50:54.0,,0.69,0.7037,32:27.0,H0437,,,,,,,,,,,
H0546,05:54.7,,0.55,0.5304,25:06.0,H0353,,,,,,,,,,,
H0547,20:12.1,1.29,,0.8706,14:15.0,H0066,20:12.3,34.664,126.3973,20.31,-14,21.9,-23.8,,,,
H0548,39:44.5,,0.61,0.5427,32:27.0,H0437,,,,,,,,,,,
H0549,01:26.2,,0.63,0.5932,00:04.0,H0626,,,,,,,,,,,
H0550,05:54.7,,0.55,0.4937,53:29.0,H0554,,,,,,,,,,,
H0551,37:27.2,,0.61,0.682,22:55.0,H0534,,,,,,,,,,,
H0552,50:53.5,,0.56,0.6101,53:29.0,H0554,,,,,,,,,,,
H0553,53:17.1,,0.75,0.7481,53:29.0,H0554,,,,,,,,,,,
H0554,53:29.0,1.86,,1,53:29.0,H0554,53:28.7,34.664,126.3991,20.97,91.3,17.8,-37,34.66,126.4,20,1.4
H0555,56:34.6,,0.49,0.494,04:53.0,H0337,,,,,,,,,,,
H0556,18:27.9,1.25,,0.8734,53:29.0,H0554,18:27.6,34.6641,126.3991,21.43,116,12.1,-19.1,,,,
H0557,25:43.0,1.47,,1,25:43.0,H0557,25:42.4,34.663,126.3996,21.05,83.7,-5.5,6.8,34.66,126.4,19,1.2
H0558,37:41.9,,0.58,0.7083,53:29.0,H0554,,,,,,,,,,,
H0559,39:34.3,0.97,,0.8853,27:37.0,H0988,39:33.7,34.6641,126.4026,20.39,126.4,11.1,-42.3,,,,
H0560,00:43.7,,0.4,0.468,27:37.0,H0988,,,,,,,,,,,
H0561,16:10.5,,0.49,0.6799,53:29.0,H0554,,,,,,,,,,,
H0562,20:04.0,,0.5,0.5796,53:29.0,H0554,,,,,,,,,,,
H0563,41:32.3,,0.45,0.6133,53:29.0,H0554,,,,,,,,,,,
H0564,47:55.7,1.01,,0.8209,22:55.0,H0534,47:55.6,34.6628,126.397,20.94,-32.2,46.1,-91.7,,,,
H0565,50:20.6,,0.63,0.7379,27:37.0,H0988,,,,,,,,,,,
H0566,42:40.7,,0.36,0.4744,21:31.0,H0371,,,,,,,,,,,
H0567,47:56.6,,0.43,0.4609,49:16.0,H1186,,,,,,,,,,,
H0568,53:26.3,,0.63,0.7951,23:56.0,H0947,,,,,,,,,,,
H0569,02:24.2,,0.47,0.6,49:05.0,H0082,,,,,,,,,,,
H0570,10:24.3,,0.36,0.4624,22:55.0,H0534,,,,,,,,,,,
H0571,40:54.9,,0.36,0.4794,57:51.0,H1198,,,,,,,,,,,
H0572,41:46.0,,0.45,0.6155,57:51.0,H1198,,,,,,,,,,,
H0573,03:08.7,,0.72,0.7846,19:32.0,H1291,,,,,,,,,,,
H0574,11:10.4,,0.4,0.5347,53:29.0,H0554,,,,,,,,,,,
H0575,11:16.2,,0.41,0.5487,57:51.0,H1198,,,,,,,,,,,
H0576,14:52.3,,0.47,0.633,37:50.0,H0909,,,,,,,,,,,
H0577,15:39.3,,0.3,0.4876,50:56.0,H0400,,,,,,,,,,,
H0578,26:11.8,,0.42,0.5643,27:37.0,H0988,,,,,,,,,,,
H0579,28:39.2,0.96,,0.9024,05:42.0,H1144,28:38.9,34.663,126.3991,20.57,-78.1,41.3,-48,,,,
H0580,35:26.9,,0.45,0.6196,08:01.0,H0917,,,,,,,,,,,
H0581,49:29.2,,0.44,0.5923,53:29.0,H0554,,,,,,,,,,,
H0582,04:58.1,,0.47,0.5714,19:32.0,H1291,,,,,,,,,,,
H0583,50:37.1,,0.72,0.8019,21:31.0,H0371,50:36.8,34.666,126.396,17.9,,,,,,,
H0584,02:49.3,,0.5,0.6307,53:29.0,H0554,,,,,,,,,,,
H0585,18:59.9,,0.61,0.6822,27:02.0,H0355,,,,,,,,,,,
H0586,31:14.8,,0.41,0.4773,04:11.0,H0794,,,,,,,,,,,
H0587,34:11.4,,0.55,0.7012,49:16.0,H1186,,,,,,,,,,,
H0588,34:23.0,1.24,,0.9093,32:27.0,H0437,34:22.4,34.6628,126.3991,20.79,-69.1,29.9,-52.6,,,,
H0589,57:43.4,,0.32,0.4731,06:52.0,H1101,,,,,,,,,,,
H0590,06:05.8,,0.39,0.4784,06:52.0,H1101,,,,,,,,,,,
H0591,09:12.8,,0.61,0.7248,51:37.0,H0189,,,,,,,,,,,
H0592,12:32.2,,0.39,0.4672,06:09.0,H1032,,,,,,,,,,,
H0593,17:37.8,,0.59,0.6833,25:38.0,H0031,,,,,,,,,,,
H0594,59:13.0,1.87,,1,59:13.0,H0594,59:12.9,34.6618,126.3981,20.97,58.5,11,13.4,34.66,126.4,21,1.5
H0595,06:33.7,,0.56,0.5256,53:29.0,H0554,,,,,,,,,,,
H0596,07:28.4,,0.88,0.7795,27:37.0,H0988,,,,,,,,,,,
H0597,51:48.1,,0.5,0.6166,14:15.0,H0066,,,,,,,,,,,
H0598,26:30.7,,0.49,0.6276,10:49.0,H1148,,,,,,,,,,,
H0599,48:55.9,,0.49,0.4621,44:48.0,H0870,,,,,,,,,,,
H0600,27:24.5,,0.46,0.4875,36:55.0,H0875,,,,,,,,,,,
H0601,48:04.3,,0.51,0.4749,06:09.0,H1032,,,,,,,,,,,
H0602,24:11.3,,0.62,0.7705,00:04.0,H0626,,,,,,,,,,,
H0603,26:26.4,1.11,,0.8973,00:04.0,H0626,26:26.3,34.6646,126.3961,20.22,-37.3,57,-90.8,,,,
H0604,28:29.3,,0.39,0.5508,19:32.0,H1291,,,,,,,,,,,
H0605,51:00.8,,0.54,0.6373,34:01.0,H0021,,,,,,,,,,,
H0606,54:50.3,,0.46,0.4995,10:01.0,H1087,,,,,,,,,,,
H0607,00:49.1,,0.45,0.4879,02:03.0,H1142,,,,,,,,,,,
H0608,29:51.5,,0.49,0.5849,57:51.0,H1198,,,,,,,,,,,
H0609,46:03.9,,0.62,0.7375,57:45.0,H0282,,,,,,,,,,,
H0610,17:13.9,1,,0.8017,53:29.0,H0554,17:14.2,34.6633,126.4033,20.68,129.9,6.7,-20,,,,
H0611,21:20.1,,0.48,0.588,25:06.0,H0353,,,,,,,,,,,
H0612,30:02.7,1.29,,0.8785,27:37.0,H0988,30:02.5,34.6628,126.4025,20.92,127.6,17,-40.1,,,,
H0613,49:52.9,,0.93,0.871,17:13.0,H0117,,,,,,,,,,,
H0614,26:52.5,1.18,,0.8882,19:32.0,H1291,26:53.6,34.6606,126.4011,20.71,-2.9,36,-73.4,,,,
H0615,38:59.6,,0.54,0.7061,57:51.0,H1198,,,,,,,,,,,
H0616,08:15.2,,0.56,0.6381,19:32.0,H1291,,,,,,,,,,,
H0617,14:33.1,,0.48,0.6017,10:49.0,H1148,,,,,,,,,,,
H0618,41:52.0,1.46,,1,41:52.0,H0618,41:52.3,34.6616,126.3993,20.7,132.1,-6.2,-0.3,34.66,126.4,19,1.4
H0619,45:47.0,0.93,,0.9013,41:52.0,H0618,45:47.6,34.6613,126.393,19.73,126.7,-17.7,-3.9,,,,
H0620,51:44.2,1.27,,0.7846,50:56.0,H0400,51:44.2,34.6643,126.3986,20.21,151.7,-14.4,36.7,,,,
H0621,03:06.7,,0.48,0.4737,50:56.0,H0400,,,,,,,,,,,
H0622,06:43.4,,0.57,0.6763,37:17.0,H0106,,,,,,,,,,,
H0623,07:13.3,,0.58,0.7376,19:32.0,H1291,,,,,,,,,,,
H0624,12:19.4,,0.46,0.5184,36:55.0,H0875,,,,,,,,,,,
H0625,25:30.7,,0.37,0.4877,51:52.0,H1193,,,,,,,,,,,
H0626,00:04.0,1.71,,1,00:04.0,H0626,00:03.9,34.6635,126.3976,20.88,-22.7,36.3,-50.5,34.66,126.4,20,1.6
H0627,01:01.4,,0.58,0.6077,34:27.0,H0784,,,,,,,,,,,
H0628,17:38.4,,0.71,0.7732,25:38.0,H0031,,,,,,,,,,,
H0629,19:13.0,,0.46,0.461,57:51.0,H1198,,,,,,,,,,,
H0630,23:53.7,,0.51,0.6719,00:04.0,H0626,,,,,,,,,,,
H0631,35:08.0,,0.63,0.7091,22:55.0,H0534,,,,,,,,,,,
H0632,36:04.4,1.38,,0.8854,19:32.0,H1291,36:05.6,34.6606,126.4008,20.72,14.9,31.3,-78.1,,,,
H0633,10:33.8,,0.5,0.6214,08:14.0,H0653,,,,,,,,,,,
H0634,21:40.9,,0.89,0.809,37:17.0,H0106,,,,,,,,,,,
H0635,34:23.6,,0.58,0.693,19:32.0,H1291,,,,,,,,,,,
H0636,52:17.0,,1.17,0.7667,57:03.0,H0508,52:17.6,34.6583,126.4033,18.54,,,,,,,
H0637,56:26.0,,0.49,0.6451,22:55.0,H0534,,,,,,,,,,,
H0638,10:32.0,,0.72,0.744,57:03.0,H0508,,,,,,,,,,,
H0639,27:13.2,,0.83,0.8464,22:55.0,H0534,,,,,,,,,,,
H0640,42:17.2,1.09,,0.8741,19:32.0,H1291,42:18.4,34.6623,126.4031,20.45,-0.5,41.8,-90.1,,,,
H0641,51:18.1,,0.66,0.6935,22:55.0,H0534,,,,,,,,,,,
H0642,14:07.7,,0.29,0.4933,27:02.0,H0355,,,,,,,,,,,
H0643,15:01.7,,0.38,0.5384,25:06.0,H0353,,,,,,,,,,,
H0644,21:49.2,1.16,,0.818,22:55.0,H0534,21:48.7,34.6645,126.3996,21.38,52.2,26.9,-79.8,,,,
H0645,41:31.6,,0.42,0.594,12:42.0,H0922,,,,,,,,,,,
H0646,59:25.4,1.2,,0.9304,10:49.0,H1148,59:26.2,34.6656,126.3953,20.56,-109,32.4,-41.5,,,,
H0647,00:50.3,,0.41,0.6712,05:42.0,H1144,,,,,,,,,,,
H0648,05:33.9,1.11,,0.9543,10:49.0,H1148,05:34.7,34.6655,126.3946,20.72,-122.5,31.8,-32,,,,
H0649,10:57.5,,0.3,0.5156,00:04.0,H0626,,,,,,,,,,,
H0650,21:12.8,,0.29,0.5455,49:05.0,H0082,,,,,,,,,,,
H0651,26:20.8,,0.32,0.504,21:31.0,H0371,,,,,,,,,,,
H0652,07:15.0,3.19,,1,07:15.0,H0652,07:14.8,34.6626,126.3993,21.22,37,-1,3.3,34.66,126.4,21,3.1
H0653,08:14.0,2.36,,1,08:14.0,H0653,08:13.4,34.6638,126.3983,20.93,105.2,6.7,-17.6,34.66,126.4,21,1.9
H0654,10:24.8,1.23,,0.8706,54:51.0,H0862,10:24.9,34.6631,126.4041,20.49,98,8.9,-15.5,,,,
H0655,10:52.8,,0.64,0.7189,17:13.0,H0117,,,,,,,,,,,
H0656,11:05.4,,0.42,0.4886,22:25.0,H1280,,,,,,,,,,,
H0657,11:26.1,,0.49,0.6452,05:56.0,H0703,,,,,,,,,,,
H0658,11:35.5,,0.46,0.5212,26:04.0,H1002,,,,,,,,,,,
H0659,11:40.7,,0.35,0.4698,49:05.0,H0082,,,,,,,,,,,
H0660,12:08.8,,0.67,0.7191,36:55.0,H0875,,,,,,,,,,,
H0661,12:36.0,,0.38,0.6501,36:55.0,H0875,12:36.8,34.6155,126.3705,18.58,,,,,,,
H0662,13:19.1,,0.63,0.7112,11:06.0,H0797,,,,,,,,,,,
H0663,13:28.9,,0.46,0.4675,34:27.0,H0784,,,,,,,,,,,
H0664,14:18.8,,0.49,0.7023,35:01.0,H0826,,,,,,,,,,,
H0665,14:44.0,1.07,,1,14:44.0,H0665,14:43.3,34.663,126.396,21.06,43.5,-72.6,50.6,34.67,126.4,16,1.1
H0666,14:51.8,,0.52,0.4709,12:42.0,H0922,,,,,,,,,,,
H0667,15:15.1,,0.3,0.5151,11:06.0,H0797,,,,,,,,,,,
H0668,15:36.3,,0.66,0.8433,50:56.0,H0400,,,,,,,,,,,
H0669,16:19.0,1.18,,1,16:19.0,H0669,16:18.7,34.664,126.3968,20.96,24.3,-35.8,72.5,34.66,126.39,19,1.5
H0670,19:22.4,,0.31,0.545,50:56.0,H0400,,,,,,,,,,,
H0671,20:34.4,,0.51,0.6641,34:27.0,H0784,,,,,,,,,,,
H0672,22:19.6,1.16,,0.7577,11:06.0,H0797,22:19.7,34.6638,126.3981,21.02,-140.2,-75,201.2,,,,
H0673,22:40.1,,0.37,0.4788,50:26.0,H0134,,,,,,,,,,,
H0674,23:33.3,,0.35,0.5053,22:25.0,H1280,,,,,,,,,,,
H0675,23:36.6,,0.56,0.6186,14:44.0,H0665,,,,,,,,,,,
H0676,25:22.1,,0.65,0.7399,19:32.0,H1291,,,,,,,,,,,
H0677,26:48.1,,0.42,0.532,11:06.0,H0797,,,,,,,,,,,
H0678,27:01.7,,0.37,0.5651,35:22.0,H0389,,,,,,,,,,,
H0679,27:31.3,,0.47,0.5586,35:01.0,H0826,,,,,,,,,,,
H0680,28:35.0,1.1,,1,28:35.0,H0680,28:34.8,34.6655,126.3976,20.66,-14.9,-62.1,27.5,34.66,126.4,18,1.2
H0681,30:19.7,,0.49,0.5939,27:37.0,H0988,,,,,,,,,,,
H0682,33:39.6,,0.39,0.6545,12:42.0,H0922,,,,,,,,,,,
H0683,34:51.5,,0.34,0.5338,23:56.0,H0947,,,,,,,,,,,
H0684,35:04.1,,0.44,0.63,08:01.0,H0917,,,,,,,,,,,
H0685,35:28.7,,0.3,0.572,28:54.0,H0888,,,,,,,,,,,
H0686,39:07.1,,0.34,0.4667,14:44.0,H0665,,,,,,,,,,,
H0687,42:08.9,,0.47,0.6392,22:25.0,H1280,,,,,,,,,,,
H0688,43:41.3,,0.25,0.5074,10:08.0,H0838,,,,,,,,,,,
H0689,44:03.6,,0.28,0.5572,08:01.0,H0917,,,,,,,,,,,
H0690,44:09.8,,0.41,0.5639,05:56.0,H0703,,,,,,,,,,,
H0691,44:16.0,1.06,,0.9285,04:11.0,H0794,44:15.4,34.6623,126.4018,21.22,60,-81.1,116.2,,,,
H0692,44:42.3,,0.24,0.5004,22:25.0,H1280,,,,,,,,,,,
H0693,45:09.4,,0.41,0.5055,14:44.0,H0665,,,,,,,,,,,
H0694,46:24.0,,0.68,0.6987,12:42.0,H0922,46:23.0,34.6635,126.3946,23.92,,,,,,,
H0695,48:51.4,,0.39,0.4645,22:25.0,H1280,,,,,,,,,,,
H0696,49:38.2,,0.72,0.7355,22:25.0,H1280,,,,,,,,,,,
H0697,52:22.0,,0.62,0.7547,41:52.0,H0618,,,,,,,,,,,
H0698,53:39.8,,0.69,0.7807,08:01.0,H0917,,,,,,,,,,,
H0699,54:45.6,,0.33,0.5915,44:48.0,H0870,,,,,,,,,,,
H0700,55:21.6,,0.36,0.5012,05:56.0,H0703,,,,,,,,,,,
H0701,57:15.9,,0.36,0.6189,16:19.0,H0669,,,,,,,,,,,
H0702,59:09.6,,0.3,0.5656,37:50.0,H0909,,,,,,,,,,,
H0703,05:56.0,1.61,,1,05:56.0,H0703,05:56.0,34.6621,126.4011,22.01,-59.9,23.2,-22.4,34.66,126.4,21,1.7
H0704,08:44.8,,0.42,0.5202,34:27.0,H0784,,,,,,,,,,,
H0705,09:47.8,,0.27,0.6015,34:27.0,H0784,,,,,,,,,,,
H0706,12:49.0,,0.32,0.5195,04:11.0,H0794,,,,,,,,,,,
H0707,13:06.3,,0.53,0.6187,34:27.0,H0784,,,,,,,,,,,
H0708,13:38.9,,0.26,0.5009,08:01.0,H0917,,,,,,,,,,,
H0709,16:30.0,,0.22,0.4608,10:08.0,H0838,,,,,,,,,,,
H0710,17:31.5,,0.23,0.4919,17:39.0,H0042,,,,,,,,,,,
H0711,18:38.0,,0.39,0.5257,23:56.0,H0947,,,,,,,,,,,
H0712,19:50.9,,0.49,0.497,14:44.0,H0665,,,,,,,,,,,
H0713,23:48.9,1,,0.8675,50:56.0,H0400,23:48.8,34.6618,126.394,20.72,126.5,-40.1,62.1,,,,
H0714,23:57.3,,0.51,0.6145,34:27.0,H0784,,,,,,,,,,,
H0715,24:33.0,,0.43,0.6976,54:51.0,H0862,,,,,,,,,,,
H0716,30:53.7,,0.44,0.647,17:39.0,H0042,,,,,,,,,,,
H0717,32:36.3,,0.34,0.5733,19:32.0,H1291,,,,,,,,,,,
H0718,37:50.2,,0.52,0.7495,04:11.0,H0794,37:49.7,34.6636,126.3993,19.8,,,,,,,
H0719,38:33.7,0.89,,0.8742,10:08.0,H0838,38:33.5,34.6635,126.3985,20.65,14.8,-56.9,83.9,,,,
H0720,40:15.2,,0.66,0.8065,16:19.0,H0669,,,,,,,,,,,
H0721,42:33.0,,0.62,0.566,51:37.0,H0189,,,,,,,,,,,
H0722,43:22.7,,0.44,0.5002,11:06.0,H0797,,,,,,,,,,,
H0723,44:45.9,,0.2,0.4673,35:01.0,H0826,,,,,,,,,,,
H0724,45:10.5,,0.27,0.5163,41:52.0,H0618,,,,,,,,,,,
H0725,49:39.1,,0.19,0.4748,17:39.0,H0042,,,,,,,,,,,
H0726,51:31.0,,0.31,0.5372,06:09.0,H1032,,,,,,,,,,,
H0727,55:17.8,,0.48,0.6005,34:27.0,H0784,,,,,,,,,,,
H0728,56:18.8,,0.53,0.6562,20:36.0,H0805,,,,,,,,,,,
H0729,59:17.6,,0.19,0.5012,50:56.0,H0400,,,,,,,,,,,
H0730,00:58.9,,0.23,0.5042,17:39.0,H0042,,,,,,,,,,,
H0731,01:18.5,,0.39,0.6324,50:26.0,H0134,,,,,,,,,,,
H0732,04:45.9,,0.15,0.4612,23:56.0,H0947,,,,,,,,,,,
H0733,06:05.7,,0.28,0.5332,08:01.0,H0917,,,,,,,,,,,
H0734,06:15.6,,0.28,0.4946,22:25.0,H1280,,,,,,,,,,,
H0735,11:47.4,,0.5,0.7349,51:37.0,H0189,,,,,,,,,,,
H0736,17:50.5,,0.25,0.4827,28:54.0,H0888,,,,,,,,,,,
H0737,18:01.3,,0.58,0.6396,28:35.0,H0680,,,,,,,,,,,
H0738,22:36.9,1.36,,0.659,22:25.0,H1280,22:37.8,34.6605,126.396,21.79,-140.2,-63.4,14.4,,,,
H0739,23:34.1,,0.54,0.7216,35:01.0,H0826,,,,,,,,,,,
H0740,24:08.8,,0.56,0.81,34:27.0,H0784,,,,,,,,,,,
H0741,24:57.7,,0.73,0.8052,04:11.0,H0794,,,,,,,,,,,
H0742,28:14.9,,0.39,0.476,35:01.0,H0826,,,,,,,,,,,
H0743,30:36.4,,0.26,0.4847,20:36.0,H0805,,,,,,,,,,,
H0744,31:07.1,,0.4,0.6587,14:44.0,H0665,,,,,,,,,,,
H0745,33:42.5,,0.32,0.5093,20:36.0,H0805,,,,,,,,,,,
H0746,34:49.5,,0.23,0.4847,41:52.0,H0618,,,,,,,,,,,
H0747,35:48.9,,0.32,0.4832,11:06.0,H0797,,,,,,,,,,,
H0748,37:38.0,,0.59,0.8192,35:01.0,H0826,,,,,,,,,,,
H0749,41:53.5,,0.37,0.4838,57:51.0,H1198,,,,,,,,,,,
H0750,43:55.0,,0.74,0.7056,35:22.0,H0389,,,,,,,,,,,
H0751,03:42.4,,0.67,0.7913,08:01.0,H0917,,,,,,,,,,,
H0752,08:00.5,,0.38,0.5081,28:54.0,H0888,,,,,,,,,,,
H0753,08:16.9,1.07,,0.8894,51:37.0,H0189,08:17.2,34.6638,126.3991,21.13,-4.7,-32.4,35.3,,,,
H0754,12:19.6,,0.41,0.6858,28:54.0,H0888,,,,,,,,,,,
H0755,22:22.9,,0.6,0.8026,19:32.0,H1291,,,,,,,,,,,
H0756,22:51.2,0.93,,0.7367,54:51.0,H0862,22:51.3,34.6643,126.4,20.72,85,-103.9,208.7,,,,
H0757,25:58.2,,0.26,0.5471,17:13.0,H0117,,,,,,,,,,,
H0758,27:54.6,,0.58,0.7387,35:22.0,H0389,,,,,,,,,,,
H0759,29:05.8,,0.27,0.5048,36:55.0,H0875,,,,,,,,,,,
H0760,32:21.1,,0.72,0.8741,34:27.0,H0784,32:20.7,34.6675,126.3986,21.59,,,,,,,
H0761,35:28.1,,0.24,0.4831,32:27.0,H0437,,,,,,,,,,,
H0762,36:58.8,,0.39,0.6861,57:45.0,H0282,,,,,,,,,,,
H0763,39:13.8,,0.28,0.6198,41:52.0,H0618,,,,,,,,,,,
H0764,40:16.5,,0.22,0.5161,08:01.0,H0917,,,,,,,,,,,
H0765,47:45.6,0.86,,0.9044,37:50.0,H0909,47:45.2,34.6628,126.4005,20.67,117.3,-85,113.2,,,,
H0766,48:16.4,,0.6,0.7427,12:20.0,H0418,,,,,,,,,,,
H0767,49:38.6,,0.37,0.4757,36:55.0,H0875,,,,,,,,,,,
H0768,52:03.2,,0.45,0.701,14:15.0,H0066,,,,,,,,,,,
H0769,52:25.7,,0.47,0.6838,16:19.0,H0669,,,,,,,,,,,
H0770,54:33.9,,0.28,0.4884,37:50.0,H0909,,,,,,,,,,,
H0771,56:51.1,,0.45,0.5862,16:19.0,H0669,,,,,,,,,,,
H0772,58:26.7,,0.55,0.7538,35:22.0,H0389,,,,,,,,,,,
H0773,02:57.2,1.07,,0.8765,16:19.0,H0669,02:57.0,34.6653,126.3991,20.55,-37,-28.1,50.6,,,,
H0774,06:52.2,1.16,,0.7331,37:50.0,H0909,06:51.5,34.6631,126.4008,20.87,104.3,-34.8,1,,,,
H0775,07:46.5,,0.69,0.8591,16:19.0,H0669,,,,,,,,,,,
H0776,09:12.6,,0.37,0.5191,20:36.0,H0805,,,,,,,,,,,
H0777,11:17.4,,0.35,0.6022,17:39.0,H0042,,,,,,,,,,,
H0778,11:39.2,,0.32,0.4921,35:22.0,H0389,,,,,,,,,,,
H0779,13:30.4,,0.8,0.8144,28:54.0,H0888,,,,,,,,,,,
H0780,20:11.0,,0.48,0.6094,22:25.0,H1280,,,,,,,,,,,
H0781,21:42.2,,0.31,0.5285,25:34.0,H0121,,,,,,,,,,,
H0782,25:22.8,,0.37,0.5715,24:20.0,H1126,,,,,,,,,,,
H0783,33:54.6,,0.75,0.8071,14:15.0,H0066,,,,,,,,,,,
H0784,34:27.0,1.66,,1,34:27.0,H0784,34:26.6,34.6626,126.3978,21.26,-106.4,-29.4,58.1,34.66,126.39,21,1.6
H0785,38:34.9,,0.47,0.6358,24:20.0,H1126,,,,,,,,,,,
H0786,41:42.3,,0.55,0.6393,37:50.0,H0909,,,,,,,,,,,
H0787,44:37.4,,0.39,0.6518,50:56.0,H0400,,,,,,,,,,,
H0788,47:34.1,,0.48,0.6705,35:01.0,H0826,,,,,,,,,,,
H0789,51:06.1,,0.37,0.5613,37:50.0,H0909,,,,,,,,,,,
H0790,52:42.7,,0.42,0.5325,04:11.0,H0794,,,,,,,,,,,
H0791,52:48.8,,0.57,0.7462,17:13.0,H0117,,,,,,,,,,,
H0792,00:53.2,,0.24,0.4638,10:08.0,H0838,,,,,,,,,,,
H0793,01:35.6,,0.42,0.4674,23:56.0,H0947,,,,,,,,,,,
H0794,04:11.0,1.58,,1,04:11.0,H0794,04:10.4,34.661,126.4001,21.13,59.6,-61.5,103.1,34.66,126.4,20,1.4
H0795,04:39.2,,0.57,0.5143,20:36.0,H0805,,,,,,,,,,,
H0796,09:00.2,,0.5,0.7967,35:01.0,H0826,,,,,,,,,,,
H0797,11:06.0,2.34,,1,11:06.0,H0797,11:06.1,34.662,126.397,21.26,-117.8,-100.2,110.9,34.66,126.39,23,1.9
H0798,13:00.4,,0.59,0.6653,11:06.0,H0797,,,,,,,,,,,
H0799,13:32.7,,0.45,0.634,11:06.0,H0797,,,,,,,,,,,
H0800,14:01.5,,0.76,0.842,51:37.0,H0189,,,,,,,,,,,
H0801,14:10.8,,0.36,0.5714,34:27.0,H0784,,,,,,,,,,,
H0802,17:19.3,,0.88,0.667,11:06.0,H0797,,,,,,,,,,,
H0803,17:36.0,,0.28,0.4724,14:15.0,H0066,,,,,,,,,,,
H0804,19:17.4,,0.27,0.4821,35:22.0,H0389,,,,,,,,,,,
H0805,20:36.0,2.11,,1,20:36.0,H0805,20:35.7,34.6608,126.3993,21.34,34.3,-61.3,124.7,34.66,126.4,21,1.5
H0806,22:32.8,,0.45,0.5986,11:06.0,H0797,,,,,,,,,,,
H0807,24:58.6,,0.27,0.5155,16:19.0,H0669,,,,,,,,,,,
H0808,31:32.7,0.9,,0.8311,08:01.0,H0917,31:33.0,34.6635,126.3958,20.56,-130.3,11.6,-5.4,,,,
H0809,40:03.7,,0.33,0.5361,51:37.0,H0189,,,,,,,,,,,
H0810,42:37.9,,0.17,0.5031,22:25.0,H1280,,,,,,,,,,,
H0811,48:27.0,,0.3,0.5338,28:54.0,H0888,,,,,,,,,,,
H0812,58:09.1,,0.51,0.6228,26:04.0,H1002,,,,,,,,,,,
H0813,58:52.2,,0.42,0.5749,11:06.0,H0797,,,,,,,,,,,
H0814,02:45.4,,0.22,0.5024,23:56.0,H0947,,,,,,,,,,,
H0815,03:15.6,,0.44,0.4946,37:50.0,H0909,,,,,,,,,,,
H0816,04:32.7,,0.47,0.6281,11:06.0,H0797,,,,,,,,,,,
H0817,04:42.1,,0.27,0.5245,11:06.0,H0797,,,,,,,,,,,
H0818,04:55.3,,0.34,0.4991,08:01.0,H0917,,,,,,,,,,,
H0819,07:01.6,,0.53,0.6628,08:01.0,H0917,,,,,,,,,,,
H0820,07:10.5,,0.34,0.5222,08:01.0,H0917,,,,,,,,,,,
H0821,07:45.9,,0.31,0.5471,14:44.0,H0665,,,,,,,,,,,
H0822,08:06.1,,0.49,0.4887,11:06.0,H0797,,,,,,,,,,,
H0823,12:54.1,,0.49,0.6258,14:44.0,H0665,,,,,,,,,,,
H0824,17:43.5,,0.84,0.841,51:37.0,H0189,,,,,,,,,,,
H0825,30:40.6,,0.27,0.5346,08:01.0,H0917,,,,,,,,,,,
H0826,35:01.0,1.41,,1,35:01.0,H0826,35:01.4,34.6631,126.3988,20.98,-2.1,-25.2,27.1,34.66,126.39,20,1.5
H0827,37:16.9,,0.3,0.4641,25:34.0,H0121,,,,,,,,,,,
H0828,40:39.0,,0.56,0.6548,20:36.0,H0805,,,,,,,,,,,
H0829,43:47.9,,0.36,0.5647,04:11.0,H0794,,,,,,,,,,,
H0830,45:41.4,,0.55,0.7421,08:01.0,H0917,,,,,,,,,,,
H0831,51:02.5,,0.29,0.4776,47:57.0,H1047,,,,,,,,,,,
H0832,51:12.0,,0.43,0.6344,11:06.0,H0797,,,,,,,,,,,
H0833,55:08.9,,0.47,0.6595,11:06.0,H0797,,,,,,,,,,,
H0834,57:38.6,,0.25,0.5475,20:36.0,H0805,,,,,,,,,,,
H0835,00:18.1,1.21,,0.8232,11:06.0,H0797,00:18.0,34.6638,126.3978,21.71,-15.8,-72.4,122,,,,
H0836,01:28.1,,0.38,0.5816,00:04.0,H0626,,,,,,,,,,,
H0837,04:35.8,1.11,,0.966,27:02.0,H0355,04:36.0,34.6635,126.4035,19.85,79.3,1.5,-10.7,,,,
H0838,10:08.0,1.29,,1,10:08.0,H0838,10:07.8,34.6613,126.3985,21.15,-9.2,-18.5,-1.9,34.66,126.4,19,1.5
H0839,13:45.7,,0.27,0.5096,10:08.0,H0838,,,,,,,,,,,
H0840,17:09.5,,0.31,0.4715,20:36.0,H0805,,,,,,,,,,,
H0841,28:28.9,,0.38,0.5274,10:23.0,H0994,,,,,,,,,,,
H0842,29:19.0,,0.64,0.8057,51:37.0,H0189,,,,,,,,,,,
H0843,31:38.5,,0.32,0.5307,44:48.0,H0870,,,,,,,,,,,
H0844,35:42.0,,0.35,0.5478,23:56.0,H0947,,,,,,,,,,,
H0845,45:42.1,,0.44,0.6233,28:54.0,H0888,,,,,,,,,,,
H0846,50:14.1,,0.31,0.4714,10:49.0,H1148,,,,,,,,,,,
H0847,51:31.8,,0.57,0.5368,28:54.0,H0888,,,,,,,,,,,
H0848,53:44.5,,0.52,0.4712,26:04.0,H1002,,,,,,,,,,,
H0849,03:03.3,,0.38,0.4912,16:19.0,H0669,,,,,,,,,,,
H0850,13:17.4,,0.57,0.6938,27:37.0,H0988,,,,,,,,,,,
H0851,19:49.2,,0.63,0.6619,20:36.0,H0805,,,,,,,,,,,
H0852,20:13.7,,0.84,0.8344,35:22.0,H0389,20:14.1,34.6698,126.4,19.4,,,,,,,
H0853,20:44.5,,0.41,0.5373,25:34.0,H0121,,,,,,,,,,,
H0854,26:23.3,,0.72,0.6858,11:06.0,H0797,,,,,,,,,,,
H0855,28:05.3,,0.62,0.6395,34:27.0,H0784,,,,,,,,,,,
H0856,31:36.6,,0.61,0.5994,34:27.0,H0784,,,,,,,,,,,
H0857,41:40.1,,0.89,0.7519,08:01.0,H0917,,,,,,,,,,,
H0858,44:08.0,,0.6,0.6004,35:22.0,H0389,,,,,,,,,,,
H0859,48:35.0,,0.56,0.5688,34:27.0,H0784,,,,,,,,,,,
H0860,52:13.6,,0.62,0.6712,32:27.0,H0437,,,,,,,,,,,
H0861,53:34.0,,0.49,0.4943,02:03.0,H1142,,,,,,,,,,,
H0862,54:51.0,1.56,,1,54:51.0,H0862,54:51.2,34.6613,126.3993,20.73,33.8,5.2,-3.3,34.66,126.4,20,1.5
H0863,56:24.2,,0.77,0.7612,51:37.0,H0189,,,,,,,,,,,
H0864,01:16.3,1.15,,0.8989,08:01.0,H0917,01:16.8,34.6628,126.4008,19.95,-192.6,7.4,116.6,,,,
H0865,04:06.1,,0.52,0.5675,34:27.0,H0784,,,,,,,,,,,
H0866,15:14.5,,0.68,0.7446,35:01.0,H0826,,,,,,,,,,,
H0867,31:22.5,,0.71,0.7609,19:32.0,H1291,31:23.5,34.6625,126.4028,24.19,,,,,,,
H0868,32:19.7,,0.86,0.8159,34:27.0,H0784,,,,,,,,,,,
H0869,34:33.2,,0.54,0.5882,23:56.0,H0947,,,,,,,,,,,
H0870,44:48.0,1.46,,1,44:48.0,H0870,44:47.5,34.6643,126.3998,20.42,132.8,-11,12.7,34.66,126.4,20,1.4
H0871,46:45.8,,0.56,0.5788,08:14.0,H0653,,,,,,,,,,,
H0872,09:57.8,,0.57,0.5896,28:54.0,H0888,,,,,,,,,,,
H0873,17:11.4,,0.46,0.5039,05:56.0,H0703,,,,,,,,,,,
H0874,28:13.9,,0.5,0.4796,05:42.0,H1144,,,,,,,,,,,
H0875,36:55.0,1.35,,1,36:55.0,H0875,36:55.4,34.665,126.4005,20.61,143.5,3.2,-13.7,34.66,126.39,20,1.2
H0876,53:58.5,,0.72,0.7019,25:38.0,H0031,,,,,,,,,,,
H0877,28:32.2,,0.89,0.8168,10:08.0,H0838,,,,,,,,,,,
H0878,49:29.3,1.08,,0.8808,12:20.0,H0418,49:29.4,34.6638,126.4076,19.8,155.4,-34.6,50.9,,,,
H0879,54:43.9,,0.5,0.5546,16:19.0,H0669,,,,,,,,,,,
H0880,03:50.6,,0.48,0.4843,41:52.0,H0618,,,,,,,,,,,
H0881,05:55.1,,0.53,0.5113,08:14.0,H0653,,,,,,,,,,,
H0882,08:58.3,,0.44,0.4869,08:01.0,H0917,,,,,,,,,,,
H0883,11:20.9,1.35,,0.8845,51:37.0,H0189,11:21.4,34.664,126.4018,20.21,18.7,-32.7,53.3,,,,
H0884,11:58.1,,0.69,0.722,22:25.0,H1280,,,,,,,,,,,
H0885,17:48.9,1.1,,0.8742,51:37.0,H0189,17:49.1,34.6626,126.3975,21.97,31.8,-38.7,82,,,,
H0886,20:38.9,,0.55,0.5616,05:56.0,H0703,,,,,,,,,,,
H0887,21:06.9,,0.53,0.4882,32:57.0,H0131,,,,,,,,,,,
H0888,28:54.0,1.57,,1,28:54.0,H0888,28:54.3,34.6618,126.394,20.78,-104.1,-28.4,62.6,34.66,126.39,20,1.2
H0889,31:21.1,,0.73,0.6813,50:26.0,H0134,,,,,,,,,,,
H0890,40:41.4,,0.54,0.605,28:54.0,H0888,,,,,,,,,,,
H0891,01:33.0,,1.03,0.7666,20:36.0,H0805,01:32.1,34.6576,126.4013,22.62,,,,,,,
H0892,01:57.2,,0.53,0.5396,04:11.0,H0794,,,,,,,,,,,
H0893,02:07.7,,0.48,0.4667,14:44.0,H0665,,,,,,,,,,,
H0894,02:36.4,,0.7,0.6351,32:57.0,H0131,,,,,,,,,,,
H0895,21:24.5,,0.72,0.7402,35:01.0,H0826,,,,,,,,,,,
H0896,41:20.4,,0.75,0.6548,12:20.0,H0418,41:20.5,34.6738,126.4111,20.41,,,,,,,
H0897,41:30.7,,0.47,0.4711,50:56.0,H0400,,,,,,,,,,,
H0898,53:55.5,,0.8,0.8301,10:08.0,H0838,,,,,,,,,,,
H0899,14:24.3,,0.49,0.5962,34:01.0,H0021,,,,,,,,,,,
H0900,53:03.6,,0.81,0.7427,35:22.0,H0389,,,,,,,,,,,
H0901,53:31.7,,0.42,0.4673,50:56.0,H0400,,,,,,,,,,,
H0902,58:59.0,,0.53,0.6016,51:52.0,H1193,,,,,,,,,,,
H0903,07:04.7,1.27,,0.7783,27:02.0,H0355,07:04.6,34.6676,126.416,20.74,159.5,-9.2,45,,,,
H0904,12:37.5,,0.75,0.787,37:17.0,H0106,,,,,,,,,,,
H0905,14:24.1,,0.43,0.4822,49:05.0,H0082,,,,,,,,,,,
H0906,14:46.0,,0.64,0.6847,10:01.0,H1087,,,,,,,,,,,
H0907,15:54.4,,0.63,0.6386,57:51.0,H1198,,,,,,,,,,,
H0908,25:46.7,,0.68,0.7071,16:19.0,H0669,,,,,,,,,,,
H0909,37:50.0,1.47,,1,37:50.0,H0909,37:49.4,34.6636,126.4001,20.81,100.8,-61.4,129.5,34.66,126.4,17,1.2
H0910,16:34.5,,0.7,0.6396,06:52.0,H1101,,,,,,,,,,,
H0911,17:26.3,,0.72,0.7309,12:20.0,H0418,,,,,,,,,,,
H0912,23:52.3,,1.03,0.8456,19:32.0,H1291,23:53.7,34.667,126.4058,19.95,,,,,,,
H0913,44:16.2,,0.55,0.5285,14:15.0,H0066,,,,,,,,,,,
H0914,22:15.0,1.28,,0.8295,57:51.0,H1198,22:15.0,34.6656,126.3975,20.46,-92.5,-4.7,14.5,,,,
H0915,36:56.1,1.45,,0.8048,20:36.0,H0805,36:56.0,34.6611,126.3976,20.84,-15.4,-63.7,121,,,,
H0916,42:51.5,,0.52,0.5165,10:23.0,H0994,,,,,,,,,,,
H0917,08:01.0,1.68,,1,08:01.0,H0917,08:01.3,34.6623,126.3955,21.16,-111.2,-23.1,40.3,34.66,126.39,20,1.6
H0918,29:47.5,,0.59,0.6438,34:27.0,H0784,,,,,,,,,,,
H0919,31:04.6,,0.47,0.5363,34:27.0,H0784,,,,,,,,,,,
H0920,35:18.7,,0.63,0.6709,27:37.0,H0988,,,,,,,,,,,
H0921,41:32.5,,0.7,0.7682,10:08.0,H0838,,,,,,,,,,,
H0922,12:42.0,1.38,,1,12:42.0,H0922,12:41.7,34.663,126.3985,20.6,86,1.5,2.9,34.66,126.4,17,1.5
H0923,17:42.6,,0.53,0.6038,34:27.0,H0784,,,,,,,,,,,
H0924,19:23.0,1.09,,0.8592,28:54.0,H0888,19:23.1,34.665,126.3946,21.15,-139.3,9,105.5,,,,
H0925,11:58.7,,0.45,0.4887,27:02.0,H0355,,,,,,,,,,,
H0926,29:58.4,,0.55,0.5343,27:37.0,H0988,,,,,,,,,,,
H0927,31:14.9,1.46,,0.9557,12:20.0,H0418,31:14.9,34.6626,126.4,21.11,120.4,-28.6,42.4,,,,
H0928,34:38.7,1.39,,0.7962,50:56.0,H0400,34:38.6,34.666,126.401,20.12,118.1,-43.3,88.5,,,,
H0929,36:21.3,,0.57,0.4739,34:27.0,H0784,,,,,,,,,,,
H0930,42:41.5,,0.56,0.4846,52:02.0,H0111,,,,,,,,,,,
H0931,44:49.5,,0.58,0.5602,37:50.0,H0909,,,,,,,,,,,
H0932,52:54.4,,0.62,0.4984,24:20.0,H1126,,,,,,,,,,,
H0933,02:14.9,,0.56,0.4817,51:52.0,H1193,,,,,,,,,,,
H0934,07:35.7,,0.5,0.4659,04:11.0,H0794,,,,,,,,,,,
H0935,10:33.7,,0.66,0.7344,44:48.0,H0870,,,,,,,,,,,
H0936,11:57.4,,0.91,0.8331,53:29.0,H0554,11:57.0,34.6646,126.4003,20.44,,,,,,,
H0937,17:03.6,,0.6,0.5434,06:52.0,H1101,,,,,,,,,,,
H0938,18:36.5,,0.59,0.5774,08:01.0,H0917,,,,,,,,,,,
H0939,19:51.9,,0.8,0.7432,35:22.0,H0389,19:52.2,34.6628,126.4016,20.34,,,,,,,
H0940,19:57.7,,0.7,0.6232,50:56.0,H0400,,,,,,,,,,,
H0941,20:40.0,,0.55,0.5127,27:02.0,H0355,,,,,,,,,,,
H0942,21:09.4,,0.67,0.6427,50:56.0,H0400,,,,,,,,,,,
H0943,45:23.6,,0.66,0.7403,27:37.0,H0988,,,,,,,,,,,
H0944,57:12.4,,0.49,0.5057,00:04.0,H0626,,,,,,,,,,,
H0945,00:21.2,,0.59,0.64,19:32.0,H1291,,,,,,,,,,,
H0946,19:11.0,,0.49,0.5401,16:19.0,H0669,,,,,,,,,,,
H0947,23:56.0,1.43,,1,23:56.0,H0947,23:56.3,34.6618,126.3976,20.9,-20.8,19.1,-10.1,34.67,126.4,19,1.7
H0948,30:59.5,,0.87,0.8799,05:56.0,H0703,31:00.0,34.6641,126.3916,19.31,,,,,,,
H0949,05:00.9,1.28,,0.8602,23:56.0,H0947,05:01.3,34.662,126.3986,20.79,-24.6,18.6,-11.7,,,,
H0950,05:42.6,,0.43,0.4636,34:27.0,H0784,,,,,,,,,,,
H0951,06:26.0,,0.66,0.5267,27:37.0,H0988,06:26.0,34.6603,126.4043,20.06,,,,,,,
H0952,33:57.6,,0.39,0.4883,14:15.0,H0066,,,,,,,,,,,
H0953,06:52.7,,0.44,0.5794,14:44.0,H0665,,,,,,,,,,,
H0954,23:49.3,,0.65,0.7754,23:56.0,H0947,23:49.3,34.662,126.3971,22.8,,,,,,,
H0955,25:44.6,,0.54,0.4625,23:56.0,H0947,,,,,,,,,,,
H0956,43:56.1,,0.43,0.5835,06:52.0,H1101,,,,,,,,,,,
H0957,44:33.3,,0.41,0.5034,34:01.0,H0021,,,,,,,,,,,
H0958,08:17.5,1.27,,0.8757,08:14.0,H0653,08:17.0,34.6653,126.3996,20.43,119.1,13.1,-24.8,,,,
H0959,08:53.0,,0.6,0.6647,25:34.0,H0121,,,,,,,,,,,
H0960,09:10.0,,0.62,0.7064,21:31.0,H0371,09:09.5,34.6683,126.402,22.36,,,,,,,
H0961,17:11.0,,0.54,0.6911,23:56.0,H0947,17:11.7,34.665,126.3935,21.44,,,,,,,
H0962,21:30.5,,0.28,0.478,00:04.0,H0626,,,,,,,,,,,
H0963,24:07.9,,0.77,0.8513,04:11.0,H0794,24:07.2,34.6638,126.4038,21.4,,,,,,,
H0964,26:34.7,1.29,,0.8463,57:51.0,H1198,26:34.7,34.6618,126.4015,20.44,-92,16.8,-10,,,,
H0965,26:48.6,0.88,,0.8103,57:51.0,H1198,26:48.4,34.6591,126.395,21.88,-103.3,7.3,-9.2,,,,
H0966,27:13.8,,0.38,0.5389,16:19.0,H0669,,,,,,,,,,,
H0967,27:42.2,,0.74,0.7655,50:56.0,H0400,,,,,,,,,,,
H0968,27:49.2,,0.57,0.6867,16:19.0,H0669,,,,,,,,,,,
H0969,43:54.6,,0.31,0.5318,10:49.0,H1148,,,,,,,,,,,
H0970,49:40.7,,0.67,0.8263,04:11.0,H0794,,,,,,,,,,,
H0971,01:27.4,,0.3,0.4664,08:01.0,H0917,,,,,,,,,,,
H0972,22:20.0,,0.57,0.642,35:01.0,H0826,,,,,,,,,,,
H0973,22:33.0,,0.38,0.5431,25:38.0,H0031,,,,,,,,,,,
H0974,40:40.2,,0.26,0.4839,50:26.0,H0134,,,,,,,,,,,
H0975,47:07.6,,0.32,0.5591,49:16.0,H1186,,,,,,,,,,,
H0976,50:36.2,,0.44,0.6407,12:42.0,H0922,,,,,,,,,,,
H0977,08:48.6,,0.78,0.8602,49:16.0,H1186,08:48.8,34.6666,126.3971,21.26,,,,,,,
H0978,08:58.5,,0.41,0.6046,49:16.0,H1186,,,,,,,,,,,
H0979,10:32.8,0.9,,0.8545,05:42.0,H1144,10:32.5,34.6636,126.397,20.56,-81.8,61.3,-94.2,,,,
H0980,15:11.9,,0.37,0.5475,49:16.0,H1186,,,,,,,,,,,
H0981,15:23.3,,0.27,0.5013,00:04.0,H0626,,,,,,,,,,,
H0982,16:17.6,1,,0.8685,49:05.0,H0082,16:17.6,34.6626,126.3966,20.17,-86.6,62.9,-86.3,,,,
H0983,55:53.0,,0.69,0.7242,34:01.0,H0021,,,,,,,,,,,
H0984,58:29.7,,0.4,0.5982,28:54.0,H0888,,,,,,,,,,,
H0985,10:36.5,,0.48,0.6464,06:52.0,H1101,,,,,,,,,,,
H0986,12:40.2,,0.77,0.8264,57:03.0,H0508,12:40.6,34.6676,126.3903,21.63,,,,,,,
H0987,15:15.7,,0.34,0.4751,08:01.0,H0917,,,,,,,,,,,
H0988,27:37.0,1.55,,1,27:37.0,H0988,27:36.8,34.6626,126.401,21.12,127.6,16.3,-42.4,34.66,126.4,20,1.4
H0989,49:45.6,,0.74,0.6967,32:57.0,H0131,,,,,,,,,,,
H0990,14:03.6,,0.35,0.4644,21:31.0,H0371,,,,,,,,,,,
H0991,20:29.0,,0.41,0.5023,25:38.0,H0031,,,,,,,,,,,
H0992,32:08.9,,0.44,0.6225,14:15.0,H0066,,,,,,,,,,,
H0993,02:51.4,,0.57,0.6633,08:14.0,H0653,,,,,,,,,,,
H0994,10:23.0,1.66,,1,10:23.0,H0994,10:22.9,34.6625,126.398,20.9,66.1,8.6,-22.4,34.66,126.4,20,1.6
H0995,11:42.9,,0.42,0.5604,57:51.0,H1198,,,,,,,,,,,
H0996,20:20.6,,0.35,0.48,06:52.0,H1101,,,,,,,,,,,
H0997,34:50.3,,0.3,0.4656,08:01.0,H0917,,,,,,,,,,,
H0998,40:47.5,,0.4,0.5423,34:01.0,H0021,,,,,,,,,,,
H0999,48:03.2,,0.67,0.6944,06:52.0,H1101,,,,,,,,,,,
H1000,50:10.3,,0.42,0.6062,21:31.0,H0371,,,,,,,,,,,
H1001,22:36.5,,0.24,0.4791,49:05.0,H0082,,,,,,,,,,,
H1002,26:04.0,1.57,,1,26:04.0,H1002,26:03.6,34.6623,126.3968,20.99,-153.1,-9.1,-2.2,34.66,126.4,21,1.5
H1003,21:08.9,,0.36,0.4842,05:56.0,H0703,,,,,,,,,,,
H1004,22:08.0,,0.42,0.5267,08:01.0,H0917,,,,,,,,,,,
H1005,44:18.2,,0.4,0.4828,06:52.0,H1101,,,,,,,,,,,
H1006,14:40.3,,0.73,0.7022,08:14.0,H0653,,,,,,,,,,,
H1007,15:46.9,,0.53,0.4676,10:23.0,H0994,,,,,,,,,,,
H1008,43:29.2,,0.59,0.645,57:51.0,H1198,,,,,,,,,,,
H1009,25:24.8,,0.49,0.4619,12:31.0,H0328,,,,,,,,,,,
H1010,53:58.7,,0.74,0.7336,25:06.0,H0353,,,,,,,,,,,
H1011,36:20.0,,0.47,0.4914,57:03.0,H0508,,,,,,,,,,,
H1012,38:50.4,,0.64,0.6888,49:16.0,H1186,,,,,,,,,,,
H1013,26:51.1,,0.56,0.5054,25:38.0,H0031,,,,,,,,,,,
H1014,00:06.6,,0.65,0.704,57:51.0,H1198,,,,,,,,,,,
H1015,04:33.7,1.35,,0.8836,40:50.0,H1218,04:33.4,34.6653,126.3965,20.73,-100.3,-16.9,34,,,,
H1016,07:28.7,,0.58,0.5007,57:51.0,H1198,,,,,,,,,,,
H1017,46:31.0,,0.7,0.6885,36:55.0,H0875,,,,,,,,,,,
H1018,50:15.6,1.14,,0.8905,32:27.0,H0437,50:15.1,34.6646,126.3966,20.08,-120.4,32.4,-45.6,,,,
H1019,58:16.6,,0.63,0.5964,08:14.0,H0653,,,,,,,,,,,
H1020,25:09.3,,0.63,0.6677,05:56.0,H0703,,,,,,,,,,,
H1021,29:45.0,,0.58,0.5034,27:37.0,H0988,,,,,,,,,,,
H1022,29:55.6,1.05,,0.8769,51:52.0,H1193,29:55.4,34.6655,126.393,20.82,-120.9,45.5,-67.6,,,,
H1023,35:22.8,,0.55,0.6165,23:56.0,H0947,,,,,,,,,,,
H1024,37:43.3,,0.58,0.629,05:56.0,H0703,,,,,,,,,,,
H1025,02:45.4,1.05,,0.8937,19:32.0,H1291,02:46.7,34.6621,126.4055,19.75,-0.2,43.4,-94.5,,,,
H1026,05:57.8,,0.47,0.4945,53:29.0,H0554,,,,,,,,,,,
H1027,10:33.9,,0.48,0.5196,32:27.0,H0437,,,,,,,,,,,
H1028,55:35.2,,0.52,0.4864,53:29.0,H0554,,,,,,,,,,,
H1029,55:55.5,1.13,,0.8498,21:31.0,H0371,55:55.5,34.6646,126.4015,19.99,70,23.2,-39.1,,,,
H1030,49:41.5,,0.48,0.5052,27:37.0,H0988,,,,,,,,,,,
H1031,02:35.1,,0.55,0.5675,12:20.0,H0418,,,,,,,,,,,
H1032,06:09.0,1.64,,1,06:09.0,H1032,06:08.7,34.6608,126.3993,21.09,-22.8,36.4,-0.3,34.66,126.39,18,1.4
H1033,07:57.4,,0.74,0.7963,23:56.0,H0947,,,,,,,,,,,
H1034,09:09.2,,0.71,0.7384,05:42.0,H1144,,,,,,,,,,,
H1035,22:35.7,,0.56,0.648,28:54.0,H0888,,,,,,,,,,,
H1036,28:30.7,1.24,,0.8784,53:29.0,H0554,28:30.4,34.6665,126.3991,21.7,93,13,-25.2,,,,
H1037,31:07.3,,0.62,0.61,10:23.0,H0994,,,,,,,,,,,
H1038,34:04.2,1.18,,0.8578,17:39.0,H0042,34:04.1,34.6633,126.3996,20.45,-142.5,-10.4,-14.2,,,,
H1039,44:20.3,,0.6,0.6642,57:51.0,H1198,,,,,,,,,,,
H1040,01:07.8,,0.77,0.7173,25:38.0,H0031,,,,,,,,,,,
H1041,32:58.8,,0.75,0.8284,49:16.0,H1186,,,,,,,,,,,
H1042,45:56.9,,0.88,0.8062,27:37.0,H0988,,,,,,,,,,,
H1043,35:31.3,,0.41,0.5071,28:54.0,H0888,,,,,,,,,,,
H1044,48:35.5,,0.66,0.6369,40:50.0,H1218,,,,,,,,,,,
H1045,32:03.0,,0.53,0.4921,27:37.0,H0988,,,,,,,,,,,
H1046,13:05.6,,0.48,0.5343,21:31.0,H0371,,,,,,,,,,,
H1047,47:57.0,2.1,,1,47:57.0,H1047,47:56.5,34.6633,126.3973,21.24,-152.1,27.7,-50.1,34.66,126.39,21,1.8
H1048,49:51.8,,0.42,0.5788,47:57.0,H1047,,,,,,,,,,,
H1049,50:59.6,,0.37,0.469,12:42.0,H0922,,,,,,,,,,,
H1050,54:15.8,,0.46,0.6417,10:49.0,H1148,,,,,,,,,,,
H1051,59:51.2,,0.37,0.4786,34:27.0,H0784,,,,,,,,,,,
H1052,05:34.3,1.07,,0.9049,24:20.0,H1126,05:34.3,34.6646,126.3971,20.19,-158.1,10,-31,,,,
H1053,26:26.4,,0.84,0.7946,20:36.0,H0805,,,,,,,,,,,
H1054,41:10.7,,0.41,0.5704,06:52.0,H1101,,,,,,,,,,,
H1055,50:32.7,,0.32,0.5296,10:01.0,H1087,,,,,,,,,,,
H1056,51:54.9,,0.35,0.5222,47:57.0,H1047,,,,,,,,,,,
H1057,56:33.1,,0.62,0.725,10:49.0,H1148,,,,,,,,,,,
H1058,02:24.6,,0.46,0.6653,06:52.0,H1101,,,,,,,,,,,
H1059,09:14.1,,0.41,0.5594,32:27.0,H0437,,,,,,,,,,,
H1060,10:34.7,,0.58,0.7256,32:27.0,H0437,,,,,,,,,,,
H1061,10:44.2,,0.46,0.7023,34:27.0,H0784,,,,,,,,,,,
H1062,15:29.6,,0.42,0.5369,47:57.0,H1047,,,,,,,,,,,
H1063,20:14.5,,0.33,0.4669,27:37.0,H0988,,,,,,,,,,,
H1064,23:15.3,,0.4,0.4981,57:51.0,H1198,,,,,,,,,,,
H1065,30:26.5,,0.53,0.7349,06:52.0,H1101,,,,,,,,,,,
H1066,32:30.5,,0.31,0.4864,26:04.0,H1002,,,,,,,,,,,
H1067,33:30.8,,0.3,0.46,17:39.0,H0042,,,,,,,,,,,
H1068,41:43.7,,0.75,0.8168,02:03.0,H1142,,,,,,,,,,,
H1069,51:59.3,,0.41,0.5283,34:01.0,H0021,,,,,,,,,,,
H1070,58:26.0,,0.7,0.8001,24:20.0,H1126,,,,,,,,,,,
H1071,00:50.5,,0.6,0.819,26:04.0,H1002,,,,,,,,,,,
H1072,12:29.6,1.11,,0.9537,06:52.0,H1101,12:29.4,34.6616,126.3981,20.55,-153.2,30.6,-36.4,,,,
H1073,19:41.4,,0.38,0.4675,47:57.0,H1047,,,,,,,,,,,
H1074,22:25.6,,0.66,0.7728,10:01.0,H1087,,,,,,,,,,,
H1075,23:38.5,,0.62,0.7892,06:52.0,H1101,,,,,,,,,,,
H1076,23:56.7,,0.51,0.7246,47:57.0,H1047,,,,,,,,,,,
H1077,29:31.3,,0.28,0.5043,51:52.0,H1193,,,,,,,,,,,
H1078,43:57.8,,0.47,0.6569,57:51.0,H1198,,,,,,,,,,,
H1079,44:37.6,0.79,,0.884,06:52.0,H1101,44:37.3,34.6631,126.3983,20.59,-142.4,27.4,-37.4,,,,
H1080,46:58.8,,0.58,0.7622,24:20.0,H1126,,,,,,,,,,,
H1081,01:34.5,,0.33,0.4777,06:09.0,H1032,,,,,,,,,,,
H1082,04:27.9,,0.54,0.7321,32:27.0,H0437,,,,,,,,,,,
H1083,08:25.3,,0.48,0.6474,24:20.0,H1126,,,,,,,,,,,
H1084,31:22.4,,0.45,0.6222,10:49.0,H1148,,,,,,,,,,,
H1085,05:13.3,,0.43,0.5421,14:44.0,H0665,,,,,,,,,,,
H1086,09:05.7,,0.55,0.6775,37:50.0,H0909,,,,,,,,,,,
H1087,10:01.0,1.52,,1,10:01.0,H1087,10:00.6,34.6628,126.3966,21.07,-153.8,16.7,-29.9,34.66,126.39,20,1.4
H1088,26:15.4,,0.56,0.7141,47:57.0,H1047,,,,,,,,,,,
H1089,33:20.1,,0.35,0.5119,10:49.0,H1148,,,,,,,,,,,
H1090,47:00.6,,0.46,0.6989,47:57.0,H1047,,,,,,,,,,,
H1091,53:22.0,,0.37,0.473,35:01.0,H0826,,,,,,,,,,,
H1092,57:21.0,,0.47,0.6733,27:37.0,H0988,,,,,,,,,,,
H1093,07:27.6,,0.26,0.4879,06:52.0,H1101,,,,,,,,,,,
H1094,16:46.1,,0.27,0.4618,57:51.0,H1198,,,,,,,,,,,
H1095,19:22.2,,0.55,0.7706,57:51.0,H1198,,,,,,,,,,,
H1096,20:25.3,,0.38,0.6124,06:52.0,H1101,,,,,,,,,,,
H1097,23:32.5,,0.36,0.5632,05:56.0,H0703,,,,,,,,,,,
H1098,28:58.3,,0.38,0.5654,27:37.0,H0988,,,,,,,,,,,
H1099,42:50.4,,0.61,0.7446,24:20.0,H1126,42:50.4,34.6608,126.4033,22.23,,,,,,,
H1100,50:18.7,,0.35,0.4789,40:50.0,H1218,,,,,,,,,,,
H1101,06:52.0,1.47,,1,06:52.0,H1101,06:51.8,34.662,126.3968,20.87,-140.8,28.5,-26,34.66,126.39,20,1.5
H1102,18:29.2,,0.51,0.6222,32:27.0,H0437,,,,,,,,,,,
H1103,19:57.6,1.08,,0.8953,51:52.0,H1193,19:57.3,34.6656,126.3991,21.14,-130.2,21.6,-13.2,,,,
H1104,20:59.4,,0.46,0.6649,51:52.0,H1193,,,,,,,,,,,
H1105,27:20.5,,0.66,0.7426,06:52.0,H1101,,,,,,,,,,,
H1106,39:13.5,,0.48,0.6705,06:52.0,H1101,,,,,,,,,,,
H1107,14:35.3,,0.98,0.873,10:49.0,H1148,14:36.2,34.6633,126.3938,20.49,,,,,,,
H1108,16:32.4,,0.52,0.5613,10:01.0,H1087,,,,,,,,,,,
H1109,30:19.9,,0.59,0.6589,05:42.0,H1144,,,,,,,,,,,
H1110,40:59.7,,0.84,0.7403,00:04.0,H0626,,,,,,,,,,,
H1111,59:05.2,1.21,,0.8761,05:42.0,H1144,59:04.9,34.6675,126.3991,20.21,-81.4,29.4,-38.9,,,,
H1112,13:46.6,,0.74,0.7253,02:03.0,H1142,,,,,,,,,,,
H1113,15:09.2,,0.62,0.6127,06:09.0,H1032,,,,,,,,,,,
H1114,35:03.6,,0.8,0.7635,24:20.0,H1126,,,,,,,,,,,
H1115,39:56.3,1.1,,0.8941,24:20.0,H1126,39:56.4,34.6648,126.397,20.41,-104.6,11.4,-10.5,,,,
H1116,54:44.4,,0.63,0.6565,06:52.0,H1101,,,,,,,,,,,
H1117,10:45.6,,0.62,0.5736,51:52.0,H1193,,,,,,,,,,,
H1118,18:40.2,,0.7,0.4716,23:56.0,H0947,,,,,,,,,,,
H1119,18:52.2,,1.05,0.7174,57:03.0,H0508,,,,,,,,,,,
H1120,15:40.8,,0.73,0.7137,24:20.0,H1126,,,,,,,,,,,
H1121,28:41.8,,0.59,0.5364,47:57.0,H1047,,,,,,,,,,,
H1122,11:03.8,,0.66,0.5725,10:49.0,H1148,,,,,,,,,,,
H1123,11:14.9,,1.23,0.9149,10:49.0,H1148,11:15.8,34.6653,126.396,20.39,,,,,,,
H1124,12:01.9,,0.58,0.549,02:03.0,H1142,,,,,,,,,,,
H1125,18:45.4,,0.46,0.5217,51:52.0,H1193,,,,,,,,,,,
H1126,24:20.0,1.78,,1,24:20.0,H1126,24:20.0,34.6638,126.3965,20.77,-104.2,19.8,-40.7,34.66,126.38,22,1.5
H1127,31:20.2,,0.44,0.4712,05:56.0,H0703,,,,,,,,,,,
H1128,33:24.4,,1.03,0.8629,10:49.0,H1148,,,,,,,,,,,
H1129,35:57.5,,0.51,0.5289,05:42.0,H1144,,,,,,,,,,,
H1130,36:07.8,,0.56,0.5678,51:52.0,H1193,,,,,,,,,,,
H1131,54:21.0,,0.62,0.6152,05:42.0,H1144,,,,,,,,,,,
H1132,08:52.9,,0.58,0.6332,27:37.0,H0988,,,,,,,,,,,
H1133,49:27.1,,0.49,0.5836,06:52.0,H1101,,,,,,,,,,,
H1134,00:00.1,,0.45,0.5618,49:05.0,H0082,,,,,,,,,,,
H1135,01:36.4,,0.38,0.5094,24:20.0,H1126,,,,,,,,,,,
H1136,25:17.7,,0.88,0.8138,57:51.0,H1198,,,,,,,,,,,
H1137,25:27.9,,0.55,0.5749,35:01.0,H0826,,,,,,,,,,,
H1138,25:34.4,1.25,,0.8839,40:50.0,H1218,25:34.3,34.6601,126.3951,19.75,-102.1,-2.4,43.7,,,,
H1139,31:46.3,,0.82,0.7703,27:37.0,H0988,31:46.4,34.662,126.4088,22.44,,,,,,,
H1140,33:23.8,,0.7,0.7173,28:54.0,H0888,,,,,,,,,,,
H1141,43:06.2,,0.77,0.762,32:27.0,H0437,,,,,,,,,,,
H1142,02:03.0,2.28,,1,02:03.0,H1142,02:02.7,34.6628,126.3966,21.15,-119.2,32.2,-39.2,34.66,126.49,21,1.8
H1143,02:44.9,,1.07,0.598,06:52.0,H1101,,,,,,,,,,,
H1144,05:42.0,1.89,,1,05:42.0,H1144,05:41.6,34.662,126.3986,21.11,-71.3,21.9,-31.5,34.65,126.4,22,1.4
H1145,07:02.8,,0.58,0.5603,57:51.0,H1198,,,,,,,,,,,
H1146,09:52.8,,0.86,0.8179,28:54.0,H0888,,,,,,,,,,,
H1147,43:35.5,,0.79,0.7344,10:01.0,H1087,,,,,,,,,,,
H1148,10:49.0,1.49,,1,10:49.0,H1148,10:49.9,34.6641,126.3945,20.62,-130.5,15,-21,34.66,126.38,21,1.2
H1149,11:28.6,0.99,,0.8289,32:27.0,H0437,11:27.8,34.6588,126.4015,21.46,-120.2,47.7,-40.5,,,,
H1150,52:35.0,,0.58,0.6174,08:01.0,H0917,,,,,,,,,,,
H1151,57:20.5,,1.04,0.8074,51:52.0,H1193,,,,,,,,,,,
H1152,58:21.6,,0.51,0.5473,47:57.0,H1047,,,,,,,,,,,
H1153,58:53.9,,0.74,0.7665,32:27.0,H0437,,,,,,,,,,,
H1154,23:38.7,,0.61,0.553,57:51.0,H1198,,,,,,,,,,,
H1155,36:17.4,,0.58,0.6545,05:56.0,H0703,,,,,,,,,,,
H1156,56:18.5,,0.45,0.5329,32:27.0,H0437,,,,,,,,,,,
H1157,21:21.4,,0.52,0.5568,06:52.0,H1101,,,,,,,,,,,
H1158,46:54.1,,0.53,0.6154,10:01.0,H1087,,,,,,,,,,,
H1159,23:33.1,,0.44,0.5946,10:01.0,H1087,,,,,,,,,,,
H1160,45:30.4,1.11,,0.8499,26:04.0,H1002,45:30.1,34.6631,126.3965,20.61,-140.2,4.8,-13.4,,,,
H1161,53:24.3,,0.75,0.7275,32:27.0,H0437,53:23.8,34.6615,126.4018,19.73,,,,,,,
H1162,41:12.3,,0.28,0.5159,51:52.0,H1193,,,,,,,,,,,
H1163,45:51.9,,0.83,0.8264,47:57.0,H1047,45:51.5,34.671,126.4018,19.91,,,,,,,
H1164,13:41.4,0.76,,0.7335,57:51.0,H1198,13:41.1,34.6606,126.3966,19.94,-90.5,9.6,1.2,,,,
H1165,22:59.4,,0.81,0.8119,57:51.0,H1198,22:59.3,34.6593,126.4003,21.52,,,,,,,
H1166,28:08.3,,0.79,0.7448,26:04.0,H1002,,,,,,,,,,,
H1167,22:57.0,,0.48,0.636,06:52.0,H1101,,,,,,,,,,,
H1168,25:16.3,,0.74,0.7474,26:04.0,H1002,,,,,,,,,,,
H1169,26:12.7,,0.29,0.4765,19:32.0,H1291,,,,,,,,,,,
H1170,28:21.0,,0.33,0.4991,10:49.0,H1148,,,,,,,,,,,
H1171,29:04.4,,0.58,0.7234,24:20.0,H1126,,,,,,,,,,,
H1172,30:06.9,,0.37,0.5055,10:01.0,H1087,,,,,,,,,,,
H1173,31:25.2,,0.43,0.6009,34:01.0,H0021,,,,,,,,,,,
H1174,32:53.3,,1.27,0.8182,26:04.0,H1002,32:53.0,34.6623,126.3958,20.81,,,,,,,
H1175,36:09.1,,0.22,0.463,51:52.0,H1193,,,,,,,,,,,
H1176,36:35.8,,0.24,0.4646,32:27.0,H0437,,,,,,,,,,,
H1177,41:11.2,,0.25,0.5,05:56.0,H0703,,,,,,,,,,,
H1178,10:55.2,,0.44,0.5321,22:25.0,H1280,,,,,,,,,,,
H1179,12:43.2,,0.34,0.5453,10:49.0,H1148,,,,,,,,,,,
H1180,24:09.4,1.1,,0.8541,10:01.0,H1087,24:09.1,34.6656,126.396,20.64,-200.7,2.6,-4.1,,,,
H1181,24:57.7,,0.27,0.5306,10:49.0,H1148,,,,,,,,,,,
H1182,16:13.9,,0.33,0.511,10:23.0,H0994,,,,,,,,,,,
H1183,20:28.3,,0.27,0.4943,10:49.0,H1148,,,,,,,,,,,
H1184,39:18.2,0.89,,0.886,32:27.0,H0437,39:17.7,34.6643,126.3988,20.33,-135.5,38.2,-30.2,,,,
H1185,46:59.4,,0.41,0.4958,35:01.0,H0826,,,,,,,,,,,
H1186,49:16.0,1.58,,1,49:16.0,H1186,49:16.3,34.6628,126.398,20.81,-79.1,45.9,-69.1,34.66,126.39,19,1.4
H1187,50:06.6,,0.6,0.7407,05:42.0,H1144,,,,,,,,,,,
H1188,54:27.9,,0.55,0.6743,19:32.0,H1291,,,,,,,,,,,
H1189,56:06.5,,0.48,0.5918,26:04.0,H1002,,,,,,,,,,,
H1190,57:42.5,,0.3,0.4841,51:52.0,H1193,,,,,,,,,,,
H1191,58:27.8,1.15,,0.8708,05:42.0,H1144,58:27.6,34.6593,126.4013,20.38,-95.3,47.9,-74.5,,,,
H1192,45:09.8,,0.15,0.4917,05:56.0,H0703,,,,,,,,,,,
H1193,51:52.0,1.41,,1,51:52.0,H1193,51:51.8,34.6625,126.3968,20.89,-125.9,40.3,-57.6,34.66,126.39,20,1.5
H1194,00:36.3,,0.23,0.4704,05:56.0,H0703,,,,,,,,,,,
H1195,41:18.8,,0.46,0.6315,37:17.0,H0106,,,,,,,,,,,
H1196,40:51.4,,0.43,0.6545,37:17.0,H0106,,,,,,,,,,,
H1197,56:07.5,,0.52,0.66,57:51.0,H1198,,,,,,,,,,,
H1198,57:51.0,1.44,,1,57:51.0,H1198,57:51.0,34.6628,126.3958,20.71,-62.5,13,17,34.66,126.39,20,1.1
H1199,00:04.2,,0.33,0.5052,37:50.0,H0909,,,,,,,,,,,
H1200,00:12.0,,0.56,0.7243,57:51.0,H1198,,,,,,,,,,,
H1201,04:31.0,,0.44,0.6023,05:42.0,H1144,,,,,,,,,,,
H1202,12:03.2,,0.48,0.6446,25:38.0,H0031,,,,,,,,,,,
H1203,04:38.9,,0.36,0.5752,05:56.0,H0703,,,,,,,,,,,
H1204,05:43.1,,0.58,0.6151,26:04.0,H1002,,,,,,,,,,,
H1205,38:02.3,,0.57,0.5702,24:20.0,H1126,,,,,,,,,,,
H1206,57:07.6,,0.61,0.4634,57:03.0,H0508,,,,,,,,,,,
H1207,29:22.7,,0.65,0.5918,51:52.0,H1193,,,,,,,,,,,
H1208,57:51.3,1.42,,0.9561,10:49.0,H1148,57:52.2,34.6645,126.3953,20.51,-125.3,16.2,-22.4,,,,
H1209,00:09.5,,0.88,0.8374,24:20.0,H1126,,,,,,,,,,,
H1210,28:14.8,,0.59,0.5149,05:42.0,H1144,,,,,,,,,,,
H1211,28:26.8,,0.49,0.4765,28:54.0,H0888,,,,,,,,,,,
H1212,14:01.3,,0.48,0.5012,24:20.0,H1126,,,,,,,,,,,
H1213,14:57.4,,0.64,0.5406,06:52.0,H1101,,,,,,,,,,,
H1214,42:43.2,,0.81,0.7856,34:27.0,H0784,,,,,,,,,,,
H1215,43:21.3,,0.59,0.501,28:54.0,H0888,,,,,,,,,,,
H1216,34:26.7,,0.63,0.5336,25:38.0,H0031,,,,,,,,,,,
H1217,35:49.9,,0.54,0.5473,57:51.0,H1198,,,,,,,,,,,
H1218,40:50.0,1.89,,1,40:50.0,H1218,40:49.6,34.6636,126.3948,21.3,-96.1,-13.2,25.5,34.66,126.4,21,1.4
H1219,41:53.6,,0.88,0.5814,28:54.0,H0888,,,,,,,,,,,
H1220,08:09.7,,0.65,0.6441,22:25.0,H1280,,,,,,,,,,,
H1221,35:34.2,,0.49,0.4961,25:06.0,H0353,,,,,,,,,,,
H1222,55:25.1,,0.92,0.8391,49:16.0,H1186,,,,,,,,,,,
H1223,15:04.0,,0.37,0.4828,40:50.0,H1218,,,,,,,,,,,
H1224,39:38.4,,0.6,0.5841,57:51.0,H1198,,,,,,,,,,,
H1225,43:25.7,1.2,,0.837,06:52.0,H1101,43:25.6,34.6635,126.3976,20.01,-75.8,15.9,-24.5,,,,
H1226,44:57.5,,0.55,0.6225,51:52.0,H1193,,,,,,,,,,,
H1227,49:49.7,1.3,,0.8122,19:32.0,H1291,49:50.8,34.6608,126.4026,20.66,66,12.6,-101.9,,,,
H1228,53:58.0,,0.5,0.4732,27:37.0,H0988,,,,,,,,,,,
H1229,59:09.1,,0.8,0.7814,49:16.0,H1186,,,,,,,,,,,
H1230,27:13.8,1,,0.868,32:27.0,H0437,27:13.2,34.6671,126.3983,20.52,-105.6,12.7,-17.3,,,,
H1231,45:43.2,,0.32,0.469,51:52.0,H1193,,,,,,,,,,,
H1232,01:29.0,,0.51,0.5105,40:50.0,H1218,,,,,,,,,,,
H1233,37:36.2,,0.5,0.4753,51:52.0,H1193,,,,,,,,,,,
H1234,34:41.0,1.34,,0.8789,49:16.0,H1186,34:41.3,34.6638,126.3978,20.75,-116.4,49.9,-70.7,,,,
H1235,45:04.8,1.13,,0.8982,32:27.0,H0437,45:04.4,34.6638,126.3971,20.01,-138.8,42.4,-44,,,,
H1236,13:41.9,,1.06,0.8462,12:42.0,H0922,13:41.5,34.6648,126.4001,21.22,,,,,,,
H1237,15:16.2,1.05,,0.8092,12:42.0,H0922,15:15.9,34.6658,126.398,20.66,157.2,1.3,-16,,,,
H1238,17:02.5,,0.64,0.6409,50:56.0,H0400,,,,,,,,,,,
H1239,50:53.4,,0.57,0.5145,44:48.0,H0870,,,,,,,,,,,
H1240,15:29.4,,0.42,0.4949,21:31.0,H0371,,,,,,,,,,,
H1241,18:53.1,,0.53,0.5102,27:37.0,H0988,,,,,,,,,,,
H1242,57:40.0,2.58,,1,57:40.0,H1242,57:40.1,34.6633,126.3995,21.16,71.8,43.3,-37,34.66,126.4,21,2.2
H1243,58:50.6,,1.28,0.8088,12:20.0,H0418,58:50.6,34.663,126.4025,20.31,206.3,-29.5,63.8,,,,
H1244,59:10.2,,0.63,0.4804,17:13.0,H0117,,,,,,,,,,,
H1245,02:42.0,,0.82,0.8421,37:50.0,H0909,,,,,,,,,,,
H1246,02:47.4,1.15,,0.8752,51:37.0,H0189,02:47.8,34.6638,126.4023,20.36,113.7,-63.7,86.5,,,,
H1247,06:25.6,,0.6,0.5833,50:56.0,H0400,,,,,,,,,,,
H1248,06:29.9,,0.55,0.5881,04:11.0,H0794,,,,,,,,,,,
H1249,13:28.8,,1.06,0.7156,04:11.0,H0794,13:27.8,34.6595,126.4035,21.69,,,,,,,
H1250,16:41.8,,0.54,0.6196,37:50.0,H0909,,,,,,,,,,,
H1251,22:48.7,,0.49,0.547,35:01.0,H0826,,,,,,,,,,,
H1252,44:28.0,,0.4,0.5055,35:22.0,H0389,,,,,,,,,,,
H1253,23:14.4,,0.9,0.7707,50:56.0,H0400,23:14.3,34.663,126.393,20.82,136.7,-44.6,95.2,,,,
H1254,34:18.6,,0.49,0.5237,32:57.0,H0131,,,,,,,,,,,
H1255,56:33.7,,0.56,0.6599,16:19.0,H0669,,,,,,,,,,,
H1256,02:49.9,,0.6,0.5729,27:37.0,H0988,,,,,,,,,,,
H1257,06:17.2,,0.48,0.5418,53:29.0,H0554,,,,,,,,,,,
H1258,25:29.1,,0.6,0.6512,10:49.0,H1148,,,,,,,,,,,
H1259,14:18.3,,0.91,0.8064,50:56.0,H0400,14:18.5,34.6563,126.3838,19.62,,,,,,,
H1260,25:07.9,,0.6,0.6923,35:22.0,H0389,,,,,,,,,,,
H1261,16:13.3,,0.87,0.7655,53:29.0,H0554,,,,,,,,,,,
H1262,35:44.1,,0.52,0.514,25:34.0,H0121,,,,,,,,,,,
H1263,21:30.9,,0.95,0.8153,37:50.0,H0909,,,,,,,,,,,
H1264,09:30.8,,0.41,0.5287,27:37.0,H0988,,,,,,,,,,,
H1265,11:53.9,,0.54,0.5215,27:37.0,H0988,11:54.3,34.6653,126.3993,19.45,,,,,,,
H1266,51:36.6,,0.63,0.7587,27:37.0,H0988,,,,,,,,,,,
H1267,53:34.0,,0.74,0.716,27:02.0,H0355,,,,,,,,,,,
H1268,44:30.0,,0.8,0.8077,36:55.0,H0875,44:30.6,34.6651,126.4038,19.09,,,,,,,
H1269,53:59.1,,0.44,0.6401,27:37.0,H0988,,,,,,,,,,,
H1270,05:42.6,,0.45,0.5828,27:02.0,H0355,,,,,,,,,,,
H1271,53:52.5,,0.4,0.4814,07:36.0,H0197,,,,,,,,,,,
H1272,59:57.3,,0.45,0.4906,32:57.0,H0131,,,,,,,,,,,
H1273,33:44.3,,0.48,0.4682,34:27.0,H0784,,,,,,,,,,,
H1274,12:12.8,,0.55,0.6775,35:01.0,H0826,,,,,,,,,,,
H1275,35:02.5,,0.44,0.5026,10:01.0,H1087,,,,,,,,,,,
H1276,51:27.2,,0.77,0.762,06:52.0,H1101,,,,,,,,,,,
H1277,54:43.4,,0.65,0.729,34:01.0,H0021,54:43.4,34.6621,126.399,20.7,,,,,,,
H1278,54:48.9,,0.57,0.6652,10:01.0,H1087,,,,,,,,,,,
H1279,07:33.8,,0.53,0.5479,05:42.0,H1144,,,,,,,,,,,
H1280,22:25.0,1.58,,1,22:25.0,H1280,22:26.1,34.6608,126.3996,21.03,-135.4,-59.1,35.8,34.65,126.39,22,1.4
H1281,05:07.8,,0.37,0.6015,32:57.0,H0131,,,,,,,,,,,
H1282,33:13.6,,0.63,0.6987,28:54.0,H0888,,,,,,,,,,,
H1283,22:04.7,,0.83,0.7001,05:42.0,H1144,22:03.8,34.6616,126.4031,23.91,,,,,,,
H1284,54:41.6,,0.23,0.4878,05:56.0,H0703,,,,,,,,,,,
H1285,12:26.8,,0.75,0.6392,26:04.0,H1002,,,,,,,,,,,
H1286,25:40.6,,1.27,0.775,26:04.0,H1002,25:40.5,34.6618,126.396,20.07,,,,,,,
H1287,46:31.9,,0.85,0.6296,26:04.0,H1002,,,,,,,,,,,
H1288,24:06.0,,0.82,0.7694,26:04.0,H1002,,,,,,,,,,,
H1289,33:53.4,,1.29,0.8596,26:04.0,H1002,33:53.0,34.6615,126.395,21.44,,,,,,,
H1290,40:40.6,,0.61,0.6242,40:50.0,H1218,,,,,,,,,,,
H1291,19:32.0,1.54,,1,19:32.0,H1291,19:33.2,34.661,126.4001,20.81,-10.9,38.5,-42.4,34.66,126.4,21,1.6
H1292,23:16.8,,0.68,0.6201,37:17.0,H0106,,,,,,,,,,,
H1293,13:40.1,,0.72,0.755,06:52.0,H1101,,,,,,,,,,,
H1294,55:14.6,,0.4,0.477,36:55.0,H0875,,,,,,,,,,,
H1295,55:20.1,,0.45,0.5826,39:23.0,H1335,,,,,,,,,,,
H1296,57:15.1,,0.34,0.4617,35:22.0,H0389,,,,,,,,,,,
H1297,58:42.9,,0.44,0.5393,41:52.0,H0618,,,,,,,,,,,
H1298,59:29.8,,0.37,0.5099,39:23.0,H1335,,,,,,,,,,,
H1299,14:59.6,,0.33,0.4674,35:22.0,H0389,,,,,,,,,,,
H1300,26:04.2,,0.76,0.7532,32:27.0,H0437,,,,,,,,,,,
H1301,52:10.6,,0.45,0.6194,05:42.0,H1144,,,,,,,,,,,
H1302,43:39.6,,0.47,0.4853,06:52.0,H1101,,,,,,,,,,,
H1303,29:11.3,,0.69,0.7573,02:03.0,H1142,,,,,,,,,,,
H1304,29:18.8,,0.41,0.5488,34:01.0,H0021,,,,,,,,,,,
H1305,43:56.4,,0.97,0.7921,02:03.0,H1142,,,,,,,,,,,
H1306,54:59.1,,0.56,0.6468,32:27.0,H0437,,,,,,,,,,,
H1307,14:22.9,,0.49,0.5766,06:52.0,H1101,,,,,,,,,,,
H1308,41:32.7,,0.35,0.4892,10:49.0,H1148,,,,,,,,,,,
H1309,53:34.0,,0.8,0.7948,02:03.0,H1142,,,,,,,,,,,
H1310,26:38.2,1.45,,0.8655,06:52.0,H1101,26:38.0,34.6623,126.3981,20.72,-156.4,16.8,-26.3,,,,
H1311,22:14.1,,0.45,0.5244,10:49.0,H1148,,,,,,,,,,,
H1312,26:35.0,,0.84,0.7295,06:52.0,H1101,,,,,,,,,,,
H1313,52:00.9,,0.56,0.5281,32:27.0,H0437,,,,,,,,,,,
H1314,31:41.8,,0.42,0.5753,25:38.0,H0031,,,,,,,,,,,
H1315,34:12.0,,0.68,0.5617,32:27.0,H0437,,,,,,,,,,,
H1316,22:14.3,1.18,,0.8607,32:27.0,H0437,22:13.7,34.6626,126.3993,20.99,-94.4,14.9,-33.9,,,,
H1317,09:31.1,,0.42,0.507,25:38.0,H0031,,,,,,,,,,,
H1318,19:24.1,,1.15,0.7149,49:05.0,H0082,19:23.8,34.6621,126.3998,20.68,,,,,,,
H1319,52:28.9,,0.48,0.577,26:04.0,H1002,,,,,,,,,,,
H1320,44:40.1,,0.37,0.4692,06:52.0,H1101,,,,,,,,,,,
H1321,27:13.2,,0.53,0.4882,49:05.0,H0082,,,,,,,,,,,
H1322,19:17.9,,0.51,0.5878,50:56.0,H0400,,,,,,,,,,,
H1323,54:42.4,,0.56,0.4739,49:05.0,H0082,,,,,,,,,,,
H1324,54:58.9,,0.59,0.4908,37:17.0,H0106,,,,,,,,,,,
H1325,55:14.0,,0.62,0.4646,34:27.0,H0784,,,,,,,,,,,
H1326,36:26.3,,0.53,0.5593,10:01.0,H1087,,,,,,,,,,,
H1327,09:18.3,,0.4,0.5424,10:49.0,H1148,,,,,,,,,,,
H1328,53:44.1,,0.57,0.5693,27:37.0,H0988,,,,,,,,,,,
H1329,29:29.2,,0.6,0.6055,28:35.0,H0680,,,,,,,,,,,
H1330,10:18.5,,0.73,0.6215,39:23.0,H1335,,,,,,,,,,,
H1331,12:35.6,,0.57,0.639,39:23.0,H1335,,,,,,,,,,,
H1332,29:24.3,,0.58,0.5758,35:22.0,H0389,,,,,,,,,,,
H1333,27:49.8,0.97,,0.9441,39:23.0,H1335,27:50.3,34.6621,126.4035,20.52,223.7,-35.3,52.1,,,,
H1334,28:08.5,1.03,,0.7735,12:20.0,H0418,28:08.3,34.6638,126.3995,21.21,233.7,-25.1,67,,,,
H1335,39:23.0,1.33,,1,39:23.0,H1335,39:23.4,34.662,126.401,20.8,223.6,-58.9,82.3,34.65,126.39,20,1.1
H1336,41:45.8,,0.36,0.5563,12:20.0,H0418,,,,,,,,,,,
H1337,08:44.4,,0.42,0.4955,39:23.0,H1335,,,,,,,,,,,
H1338,31:56.7,,0.73,0.5608,20:36.0,H0805,,,,,,,,,,,
H1339,58:46.9,,0.74,0.5072,27:37.0,H0988,,,,,,,,,,,
H1340,30:25.0,,0.62,0.7427,19:32.0,H1291,30:26.6,34.6666,126.402,20.97,,,,,,,
H1341,52:23.5,,0.64,0.6447,37:50.0,H0909,,,,,,,,,,,
H1342,56:57.0,,0.71,0.6421,20:36.0,H0805,,,,,,,,,,,
H1343,05:46.8,,0.73,0.6225,20:36.0,H0805,,,,,,,,,,,
H1344,05:58.4,1.31,,0.8527,20:36.0,H0805,05:58.1,34.661,126.4008,21.62,,,,,,,
H1345,06:05.8,,0.82,0.5677,20:36.0,H0805,,,,,,,,,,,
